"ï»¿centralize_hre_title";"Centralize the Holy Roman Empire";"Centraliser le Saint Empire Romain";"Zentralisieren Sie das Heilige Römische Reich";"Centralizacja Swiete Cesarstwo Rzymskie";"Centralizar el Sacro Imperio Romano";"Centralizzare il Sacro Romano Impero";"Centralizálja a Szent Római Birodalom";"Centralizovat Svatá ríše rímská";"Centralizálja a Szent Római Birodalom";"Centraliseren van het Heilige Roomse Rijk";"Centralize o Sacro Império Romano";"????????????? ????????? ??????? ???????";"Keskitä Pyhän roomalaisen keisarikunnan";"x"
"centralize_hre_desc";"As the Holy Roman Emperor, we are prestigious enough to attempt to centralize the Empire under ourselves.";"En tant que Saint-Empire romain, nous sommes assez prestigieux pour essayer de centraliser l'Empire sous nous-mêmes.";"Als der heilige römische Kaiser sind wir prestigevoll genug, um zu versuchen, das Reich unter uns zu zentralisieren.";"Jako cesarz rzymski, jestesmy na tyle prestizowa próba scentralizowania Imperium pod siebie.";"Como el emperador romano santo, somos bastante prestigiosos para intentar centralizar el imperio debajo de nosotros mismos.";"Come Sacro Romano Imperatore, siamo abbastanza prestigiosi per tentare di centralizzare l'Impero in noi stessi.";"Mivel a római császár, mi tekintélyes elég próbálja központosítani a Birodalom magunkat.";"Vzhledem k tomu, císare Svaté ríše rímské, jsme dost prestižní pokusit se centralizovat ríši pod sebe.";"Mivel a római császár, mi tekintélyes elég próbálja központosítani a Birodalom magunkat.";"Zoals het Heilige Roomse keizer, we zijn prestigieus genoeg om te proberen om het rijk te centraliseren onder onszelf.";"Como o Santo Imperador Romano, somos suficientemente prestigiados para tentar centralizar o Império sob nós mesmos.";"??? ????????? ????????? ??????? ???????, ?? ?????????? ?????????, ????? ?????????? ?????????????? ??????? ??? ????.";"Koska keisari, olemme arvostettuja tarpeeksi yrittää keskittää Imperiumi alle itse.";"x"
"EVTNAME250001";"Centralization of the HRE";"Centralisation du Saint Empire romain germanique";"Zentralisierung des Heiligen Römischen Reiches";"Centralizacja Swietego Cesarstwa Rzymskiego";"Centralización del Sacro Imperio Romano";"La centralizzazione del Sacro Romano Impero";"Központosítása Szent Római Birodalom";"Centralizace Svaté ríše rímské";"Központosítása Szent Római Birodalom";"Centralisatie van de Heilige Roomse Rijk";"Centralização do Sacro Império Romano";"????????????? ????????? ??????? ???????";"Keskittäminen Pyhällä roomalaisen keisarikunnan";"x"
"EVTDESC250001";"We will join the Thousand Years Reich!";"Nous nous joindrons au Reich des Mille Ans!";"Wir werden dem Tausendjährigen Reich beitreten!";"Bedziemy dolaczyc do tysiecy lat Rzeszy!";"¡Nos uniremos al Reich de los Mil Años!";"Ci uniremo al Reich di Mille Anni!";"Mi fog csatlakozni a Thousand Years Reich!";"Budeme se pripojí k tisíci lety Reich!";"Mi fog csatlakozni a Thousand Years Reich!";"We zullen toetreden tot de Thousand Years Reich!";"Nós nos juntaremos ao Reich dos Mil Anos!";"?? ????????????? ? ???????????? ????!";"Me liittyy tuhatvuotinen Reich!";"x"
"EVTOPTA250001";"God save the Kaiser!";"Dieu sauve le Kaiser!";"Gott rette den Kaiser!";"God save the Kaiser!";"¡Dios salve al Kaiser!";"Che Dio salvi il Kaiser!";"Isten óvja a Kaiser!";"Bože, chran Kaiser!";"Isten óvja a Kaiser!";"God save the Kaiser!";"Deus salve o Kaiser!";"??? ?????? ??????!";"Jumala pelastaa Kaiser!";"x"
"EVTNAME250002";"Death of the HRE";"Mort du Saint Empire Romain";"Tod des Heiligen Römischen Reiches";"Smierc Swietego Cesarstwa Rzymskiego";"Muerte del Sacro Imperio Romano";"La morte del Sacro Romano Impero";"Halál a Szent Római Birodalom";"Smrt Svaté ríše rímské";"Halál a Szent Római Birodalom";"De dood van het Heilige Roomse Rijk";"Morte do Sacro Império Romano";"?????? ????????? ??????? ???????";"Death Pyhän Rooman valtakunnan";"x"
"EVTDESC250002";"The Empire was already a relic but the liberal revolutions made it meet its end!";"L'Empire était déjà une relique, mais les révolutions libérales l'ont fait atteindre à sa fin!";"Das Reich war schon ein Relikt, aber die liberalen Revolutionen brachten es seinem Ende entgegen!";"Imperium juz przezytkiem ale liberalne rewolucje sprawily, ze spelniaja swój cel!";"¡El Imperio ya era una reliquia, pero las revoluciones liberales lo hicieron llegar a su fin!";"L'Impero era già una reliquia, ma le rivoluzioni liberali ha fatto incontrare la sua fine!";"A Birodalom már egy ereklye, hanem a liberális fordulat tette eleget a vége!";"Ríše byla již prežitkem, ale liberální revoluce delal to splnit svuj konec!";"A Birodalom már egy ereklye, hanem a liberális fordulat tette eleget a vége!";"Het Empire was al een relikwie, maar de liberale revoluties maakte het voldoen aan zijn einde!";"O Império já era uma relíquia, mas as revoluções liberais fizeram com que ele atingisse seu fim!";"??????? ???? ??? ??????????, ?? ??????????? ????????? ??????? ??? ????????? ???? ?????!";"Imperiumi oli jo jäänne mutta vapaiden kierrokset se täyttää sen pää!";"x"
"EVTOPTA250002";"A dream gone to waste...";"Un rêve perdu ...";"Ein Traum verschwendete ...";"Sen poszedl na marne ...";"Un sueño perdido ...";"Un sogno andato sprecato ...";"Egy álom ment veszendobe ...";"Sen šel do odpadu ...";"Egy álom ment veszendobe ...";"Een droom gegaan om te verspillen ...";"Um sonho perdido ...";"??? ?????? ????? ...";"Unelma mennyt hukkaan ...";"x"
"EVTNAME250003";"Centralization of the HRE";"Centralisation du Saint Empire romain germanique";"Zentralisierung des Heiligen Römischen Reiches";"Centralizacja Swietego Cesarstwa Rzymskiego";"Centralización del Sacro Imperio Romano";"La centralizzazione del Sacro Romano Impero";"Központosítása Szent Római Birodalom";"Centralizace Svaté ríše rímské";"Központosítása Szent Római Birodalom";"Centralisatie van de Heilige Roomse Rijk";"Centralização do Sacro Império Romano";"????????????? ????????? ??????? ???????";"Keskittäminen Pyhällä roomalainen keisarikunnan";"x"
"EVTDESC250003";"Shall we join the Thousand Years Reich?";"Devrions-nous nous joindre au Reich des Mille Ans?";"Sollen wir dem Tausendjährigen Reich beitreten?";"Powinnismy przylaczyc sie do tysiecy lat Rzeszy?";"¿Nos uniremos al Reich de los Mil Años?";"Dobbiamo unirci al Reich di Mille Anni?";"Csatlakozunk a Thousand Years Reich?";"Musí se napojíme na tisíc let Reich?";"Csatlakozunk a Thousand Years Reich?";"Zullen we lid worden van de Thousand Years Reich?";"Vamos nos unir ao Reich dos Mil Anos?";"?????? ?? ?? ?????????????? ? ???????????? ?????";"Onko meidän liittyä tuhatvuotinen valtakunnan?";"x"
"EVTOPTA250003";"Gott erhalte unser Kaiser!";"Gott erhalte unser Kaiser!";"Gott erhalte unser Kaiser!";"Gott erhalte Unser Kaiser!";"Gott erhalte unser ¡Kaiser!";"Gott erhalte Unser Kaiser!";"Gott erhalte Unser Kaiser!";"Gott erhalte unser Kaiser!";"Gott erhalte Unser Kaiser!";"Gott erhalte unser Kaiser!";"Gott erhalte unser Kaiser!";"Gott erhalte UNSER Kaiser!";"Gott erhalte unser Kaiser!";"x"
"EVTOPTB250003";"We cast aside this ancient notion! We have our own glory.";"Nous rejetons cette notion ancienne! Nous avons notre propre gloire.";"Wir verwerfen diese alte Vorstellung! Wir haben unsere eigene Herrlichkeit.";"Mamy odrzucil te starozytna idee! Mamy wlasna chwale.";"Desechamos esta noción antigua! Tenemos nuestra propia gloria.";"Abbiamo gettato via questa antica nozione! Noi abbiamo la nostra gloria.";"Mi öntött el ezt az osi elképzelés! Megvan a saját dicsoségét.";"My zavrhl toto starobylé pojem! Máme vlastní slávu.";"Mi öntött el ezt az osi elképzelés! Megvan a saját dicsoségét.";"We werpen dit oude idee! We hebben onze eigen glorie.";"Nós jogamos fora esta noção antiga! Temos a nossa própria glória.";"?? ???????? ??? ??????? ???????! ? ??? ???? ???? ?????.";"Me heitimme pois tämä vanha käsite! Meillä on oma kunniaa.";"x"
"form_two_sicilies_title";"Form the Kingdom of the Two Sicilies";"Forme le Royaume des Deux Siciles";"Form das Königreich der beiden Sizilien";"Tworzac Królestwo Obojga Sycylii";"Forma el Reino de las Dos Sicilias";"Formare il Regno delle Due Sicilie";"Formában a Két Szicília Királysága";"Formulár Království obojí Sicílie";"Formában a Két Szicília Királysága";"Vorm het Koninkrijk van Twee Sicilies";"Forma o Reino das Duas Sicílias";"???????????? ??????????? ???? ???????";"Muoto kuningaskunta Kaksi Sisiliain";
"form_two_sicilies_desc";"It's time to unify the Sicily on this side of the Lighthouse with the one beyond it under one crown";"Il est temps d'unifier la Sicile de ce côté du Phare avec celle au-delà, sous une couronne";"Es ist an der Zeit, das Sizilien auf dieser Seite des Leuchtturms zu vereinen mit dem über ihm unter einer Krone";"Nadszedl czas, aby ujednolicic Sycylie na tej stronie morska z jednym poza nim pod jednym korony";"Es hora de unificar la Sicilia en este lado del faro con el más allá de él bajo una corona";"È il momento di unificare la Sicilia al di qua del Faro con quella al di là sotto un'unica corona";"Itt az ideje, hogy egyesítse a Szicília ezen az oldalán a világítótorony az egyik mögötte alatt egy korona";"Je cas sjednotit Sicílii na této strane majáku s jedním za ní pod jednou korunou";"Itt az ideje, hogy egyesítse a Szicília ezen az oldalán a világítótorony az egyik mögötte alatt egy korona";"Het is tijd om de Sicilië verenigen aan deze kant van de Vuurtoren met de ene daarbuiten onder één kroon";"É hora de unificar a Sicília neste lado do farol com o que está além dele sob uma coroa";"?????? ????? ?????????? ??????? ?? ???? ??????? ????? ? ????? ?? ??? ??? ????? ???????";"On aika yhtenäistää Sisiliaan tällä puolella majakan kanssa yksi yli sille yksi kruunu";
"mongol_khagan_title";"Khagan of the Mongols";"Khagan des Mongols";"Khagan der Mongolen";"Kagan Mongolów";"Khagan de los mongoles";"Khagan dei Mongoli";"Khagan a mongolok";"Khagan Mongolu";"Khagan a mongolok";"Khagan van de Mongolen";"Khagan dos mongóis";"????? ????????";"Khagan mongolien";
"mongol_khagan_desc";"Our Khan is powerful enough to be known as a Khagan";"Notre Khan est assez puissant pour être connu comme un Khagan";"Unser Khan ist stark genug, um als Khagan bekannt zu sein";"Nasz Khan jest wystarczajaco silne, aby byc znany jako Kagan";"Nuestro Khan es lo suficientemente poderoso como para ser conocido como Khagan";"Il nostro Khan è abbastanza potente da essere conosciuto come un Khagan";"A Khan elég eros, hogy ismert, mint a Khagan";"Naše Khan je dostatecne silný, aby být známý jako Khagan";"A Khan elég eros, hogy ismert, mint a Khagan";"Onze Khan is krachtig genoeg om bekend te worden als een Khagan";"Nosso Khan é poderoso o suficiente para ser conhecido como um Khagan";"??? ??? ?????????? ?????, ????? ???? ????????? ??? ??????";"Meidän Khan on tehokas tarpeeksi tunnettu Khagan";
"form_china_title";"Reform into China";"Réforme en Chine";"Reform in China";"Zreformowac w Chinach";"Reforma en China";"Riformare la Cina";"Reform Kínában";"Reformovat do Cíny";"Reform Kínában";"Hervormen in China";"Reforma na China";"??????? ? ?????";"Uudistaa Kiinaan";"x"
"form_china_desc";"We can claim the Mandate of Heaven as $MONARCHTITLE$ managed to administrate all the Middle States";"Nous pouvons prétendre au Mandat du Ciel que $MONARCHTITLE$ a réussi à administrer tous les Etats du Milieu";"Wir können das Mandat des Himmels als $MONARCHTITLE$ beanspruchen, alle Mittelstaaten zu verwalten";"Mozemy ubiegac sie o mandat niebios jako $MONARCHTITLE$ udalo sie administrowac caly Bliski czlonkowskie";"Podemos reclamar el Mandato del Cielo como $MONARCHTITLE$ administrado para administrar todos los Estados del Medio";"Siamo in grado di rivendicare il Mandato del Cielo dato che il $MONARCHTITLE$ è riuscito ad amministrare tutti gli Stati Centrali";"Akkor azt mondhatjuk, a mandátum Mennyei $MONARCHTITLE$ sikerült igazgat minden Közép Államok";"Mužeme tvrdit, Mandate nebe, jak $ MONARCHTITLE $ podarilo spravovat všechny Blízký státy";"Akkor azt mondhatjuk, a mandátum Mennyei $ MONARCHTITLE $ sikerült igazgat minden Közép Államok";"We kunnen het mandaat van de Hemel claimen als $MONARCHTITLE$ geslaagd om administreren alle Midden-staten";"Podemos reivindicar o Mandato do Céu como $MONARCHTITLE$ conseguiu administrar todos os Estados do Meio";"?? ????? ?????????? ?????? ???? ? $MONARCHTITLE$ ??????? ???????????????? ??? ??????????? ????????";"Voimme vaatia taivaan mandaatti kuin $MONARCHTITLE$ onnistunut hallinnoimaan Lähi valtioissa";"x"
"form_china_NEWS_SHORT";"The peoples of China unified under one flag. To better administrate the new country, the Chinese mandarins decided to split it into cliques";"Les peuples de la Chine réunis sous un seul drapeau. Pour mieux administrer le nouveau pays, les mandarins chinois ont décidé de le diviser en cliques";"Die Völker China vereinigten sich unter einer Flagge. Um das neue Land besser zu verwalten, beschlossen die chinesischen Mandarine, es in Cliquen zu teilen";"Narody Chinach zjednoczone pod jedna flaga. Aby lepiej zarzadzac nowy kraj, chinskie mandarynki postanowilismy podzielic ja na klik";"Los pueblos de China se unieron bajo una sola bandera. Para administrar mejor el nuevo país, los mandarines chinos decidieron dividirlo en camarillas";"Popoli della Cina unificati sotto unica bandiera. Per gestire meglio il nuovo paese, i mandarini cinesi lo hanno diviso in clique";"A népek Kína egységes egy zászló alatt. Jobb kezelése érdekében az új ország, a kínai mandarin döntött bonthatjuk klikkek";"Národy Cíny sjednocený pod jednou vlajkou. Aby bylo možné lépe spravovat novou zemi, cínské mandarinky rozhodl se rozdelit do klik";"A népek Kína egységes egy zászló alatt. Jobb kezelése érdekében az új ország, a kínai mandarin döntött bonthatjuk klikkek";"De volkeren van China verenigd onder één vlag. Om beter te beheren het nieuwe land, de Chinese mandarijnen besloten om het te splitsen in klieken";"Os povos da China unificados sob uma bandeira. Para melhor administrar o novo país, os mandarins chineses decidiram dividi-lo em camaradas";"?????? ????? ?????????? ??? ????? ??????. ??? ????, ????? ????? ????????? ????? ??????, ????????? ????????? ?????? ??????? ??? ?? ???????";"Kansat Kiinan yhtenäinen yhden lipun. Paremmin hallinnoimaan uuden maan, Kiinan mandariineja päätti jakaa sen klikkien";"x"
"form_china_NEWS_MEDIUM";"The peoples of China have been united under one flag. At the ceremony in Nanking, the unification was proclaimed and new cliques were created to help the administration of the new country.";"Les peuples de Chine ont été unis sous un seul drapeau. Lors de la cérémonie à Nankin, l'unification a été proclamée et de nouvelles cliques ont été créées pour aider l'administration du nouveau pays.";"Die Völker Chinas sind unter einer Flagge vereinigt worden. Bei der Zeremonie in Nanking wurde die Vereinigung verkündet und neue Cliquen geschaffen, um die Verwaltung des neuen Landes zu unterstützen.";"Narody Chiny zostaly zjednoczone pod jedna flaga. Na ceremonii w Nankinie, unifikacja zostala ogloszona i nowe kliki zostaly stworzone, aby pomóc administracji nowego kraju .";"Los pueblos de China han estado unidos bajo una sola bandera. En la ceremonia en Nanking se proclamó la unificación y se crearon nuevas camarillas para ayudar a la administración del nuevo país.";"I popoli della Cina sono state unite sotto un'unica bandiera. Alla cerimonia a Nanchino, l'unificazione è stata proclamata e nuove cricche sono stati creati per aiutare l'amministrazione del nuovo paese .";"A népek Kínában már egyesült egy zászló alatt. Az ünnepségen a Nanking, a egyesítést hirdetett és új klikkek jött létre, hogy segítse az adminisztráció az új ország .";"Národy Cíne byly sjednoceny pod jednu vlajku. Pri ceremoniálu v Nankingu, unifikace byla vyhlášena i nové kliky byly vytvoreny na pomoc správu nové zemi .";"A népek Kínában már egyesült egy zászló alatt. Az ünnepségen a Nanking, a egyesítést hirdetett és új klikkek jött létre, hogy segítse az adminisztráció az új ország .";"De volkeren van China zijn verenigd onder één vlag. Tijdens de ceremonie in Nanking, werd de eenwording verkondigd en nieuwe kliekjes werden gecreëerd om het beheer van het nieuwe land te helpen .";"Os povos da China foram unidos sob uma bandeira. Na cerimônia em Nanking, a unificação foi proclamada e novas cliques foram criadas para ajudar a administração do novo país .";"?????? ????? ???? ?????????? ??? ????? ??????. ?? ????????? ? ???????, ??????????? ???? ????????????? ? ????? ????? ???? ???????, ????? ?????? ????????????? ????? ?????? .";"Kansat Kiina ovat yhdistyneet yhden lipun. Tilaisuudessa Nankingissä yhdistymisen julistettiin ja uusia klikkien luotiin auttamaan hallinnon uudessa maassa .";"x"
"form_china_NEWS_LONG";"The lands and peoples of China have once again been united. At the ceremony in Nanking, the unification was proclaimed and new cliques were created to help the administration of the country. This new Asian power seems determined to fight against colonialism and it seems better to befriend it before other nations cut us off from Chinese trade.";"Les terres et les peuples de la Chine ont une fois de plus été unis. Lors de la cérémonie à Nankin, l'unification a été proclamée et de nouvelles cliques ont été créées pour aider l'administration du pays. Cette nouvelle puissance asiatique semble dans le niveau de la lutte contre le colonialisme et il semble mieux faire amitié avec elle avant que les autres nations nous coupent des métiers chinois.";"Die Länder und Völker Chinas sind wieder vereint. Bei der Zeremonie in Nanking wurde die Vereinigung proklamiert und neue Cliquen geschaffen, um die Verwaltung des Landes zu unterstützen. Diese neue asiatische Macht scheint in der Besoldungsgruppe des kämpfenden Kolonialismus zu sein, und es scheint besser, sich mit ihr zu befassen, bevor andere Nationen uns vom chinesischen Handel abschneiden";"Ziemie i narody Chin po raz kolejny zostaly zjednoczone. Na ceremonii w Nankinie, unifikacja zostala ogloszona i nowe kliki zostaly stworzone, aby pomóc administracji kraju. Ta nowa moc Azji wydaje sie w klasie walki kolonializmu i wydaje sie, lepiej go zaprzyjaznic, zanim inne narody odcial nas od chinskich transakcji .";"Las tierras y los pueblos de China han vuelto a estar unidos. En la ceremonia en Nanking, se proclamó la unificación y se crearon nuevas camarillas para ayudar a la administración del país. Esta nueva potencia asiática parece en grado de luchar contra el colonialismo y parece mejor que se haga amigo de ella antes de que otras naciones nos separen de los oficios chinos.";"Le terre e popoli della Cina hanno ancora una volta stati uniti. Alla cerimonia a Nanchino, l'unificazione è stata proclamata e nuove cricche sono stati creati per aiutare l'amministrazione del paese. Questa nuova potenza asiatica sembra in grado di combattere il colonialismo e sembra meglio fare amicizia prima di altre nazioni ci tagliati fuori dalle compravendite cinesi .";"A földek és népek Kína ismét hatására egyesült. Az ünnepségen a Nanking, a egyesítést hirdetett és új klikkek jött létre, hogy segítse a közigazgatás az ország. Ez az új ázsiai hatalom tunik fokozatba harc gyarmatosítás és úgy tunik, jobb, hogy a barátaink elott más népek vágott minket kínai kereskedések .";"Tyto zeme a národy Cíny opet byly sjednoceny. Pri ceremoniálu v Nankingu, unifikace byla vyhlášena i nové kliky byly vytvoreny na pomoc správe zeme. Tato nová asijská síla zdá být v platové tríde bojovného kolonialismu a zdá lepší ho sprátelit, než nás ostatní národy odríznuti od cínských obchodu .";"A földek és népek Kína ismét hatására egyesült. Az ünnepségen a Nanking, a egyesítést hirdetett és új klikkek jött létre, hogy segítse a közigazgatás az ország. Ez az új ázsiai hatalom tunik fokozatba harc gyarmatosítás és úgy tunik, jobb, hogy a barátaink elott más népek vágott minket kínai kereskedések .";"Het land en de volkeren van China hebben opnieuw verenigd. Tijdens de ceremonie in Nanking, werd de eenwording verkondigd en nieuwe kliekjes werden geschapen om de administratie van het land te helpen. Deze nieuwe Aziatische macht lijkt in de rang van vechten kolonialisme en het lijkt beter om het bevriend voordat andere landen ons afgesneden van de Chinese handel .";"As terras e os povos da China voltaram a estar unidos. Na cerimônia em Nanking, a unificação foi proclamada e novas camarilhas foram criadas para ajudar a administração do país. Este novo poder asiático parece no grau de combater o colonialismo e parece melhor fazer amizade com ele antes que outras nações nos separem dos negócios chineses .";"????? ? ?????? ????? ????? ???? ??????????. ?? ????????? ? ???????, ??????????? ???? ????????????? ? ????? ????? ???? ???????, ????? ?????? ????????????? ??????. ??? ????? ????????? ??????? ??????? ? ?????? ??????? ???????????? ? ???????, ????? ??????????? ??? ????? ??????? ???????? ???????? ??? ?? ????????? ?????? .";"Maat ja kansat Kiina ovat jälleen yhdistyneet. Tilaisuudessa Nankingissä yhdistymisen julistettiin ja uusia klikkien luotiin auttamaan hallinnon maan. Tämä uusi Aasian voima tuntuu luokan taistelevat kolonialismin ja se näyttää paremmin ystävystyä ennen muiden kansakuntien leikattu meidät pois Kiinan arvostelusta .";"x"
"form_netherlands_title";"The Seven United Provinces";"Les sept Provinces-Unies";"Die sieben Provinzen";"Siedmiu Zjednoczone Prowincje";"Las Siete Provincias Unidas";"Le Sette Province Unite";"A hét Egyesült Tartományok";"Sedm sjednocených provincií";"A hét Egyesült Tartományok";"Zeven Verenigde Provinciën";"As Sete Províncias Unidas";"???? ??????????? ?????????";"Seitsemän United maakunnat";"x"
"form_netherlands_desc";"We are the rightful heirs of the Seven Batavian Provinces";"Nous sommes les héritiers légitimes des sept provinces de Batavie";"Wir sind die rechtmäßigen Erben der sieben batavischen Provinzen";"Jestesmy prawowitymi dziedzicami Siedmiu batawii prowincjach";"Somos los legítimos herederos de las Siete Provincias de Batavia";"Noi siamo gli eredi legittimi delle sette province batave";"Mi vagyunk a jogos örökösei a Hét Tartományok Batavian";"Jsme právoplatní dedicové sedmi provincií Batavian";"Mi vagyunk a jogos örökösei a Hét Tartományok Batavian";"Wij zijn de rechtmatige erfgenamen van de Zeven Provinciën Bataafse";"Somos os legítimos herdeiros das Sete Províncias Batávicas";"?? ???????? ????????? ???????????? ???? ????????? ????????";"Olemme laillinen perilliset Seitsemän batavia maakunnat";"x"
"form_belgium_title";"The $MONARCHTITLE$ of the Belgians";"Le $MONARCHTITLE$ des Belges";"Die $MONARCHTITLE$ der Belgier";"$MONARCHTITLE$ Belgów";"El $MONARCHTITLE$ de los belgas";"Il $MONARCHTITLE$ dei Belgi";"A $MONARCHTITLE$ Belgák";"Na $MONARCHTITLE$ Belgicanu";"A $MONARCHTITLE$ Belgák";"De $MONARCHTITLE$ der Belgen";"O $MONARCHTITLE$ dos belgas";"$MONARCHTITLE$ ??????????";"$MONARCHTITLE$ of belgialaiset";"x"
"form_belgium_desc";"Our $MONARCHTITLE$ managed to unite together all the Southern Provinces into one entity";"Notre $MONARCHTITLE$ a réussi à réunir toutes les provinces du Sud en une seule entité";"Unser $MONARCHTITLE$ schaffte es, alle südlichen Provinzen zu einer Einheit zusammenzufassen";"Nasz $MONARCHTITLE$ udalo sie jednoczyc wszystkie poludniowych prowincjach w jedna jednostke";"Nuestro $MONARCHTITLE$ logró unir a todas las Provincias del Sur en una sola entidad";"Il nostro $MONARCHTITLE$ è riuscito a riunire insieme tutte le province del sud in un unico soggetto";"A $MONARCHTITLE$ sikerült egyesíteni együtt a déli tartományokban egyetlen egység";"Naše $MONARCHTITLE$ podarilo spojit dohromady všechny jižních provinciích do jedné entity";"A $MONARCHTITLE$ sikerült egyesíteni együtt a déli tartományokban egyetlen egység";"Onze $MONARCHTITLE$ geslaagd om alle zuidelijke provincies te verenigen in één entiteit";"Nosso $MONARCHTITLE$ conseguiu unir todas as Províncias do Sul em uma única entidade";"??? $MONARCHTITLE$ ??????? ?????????? ??????? ??? ????? ????????? ? ?????? ?????";"Meidän $MONARCHTITLE$ onnistui yhdistää yhteen kaikki Etelä maakunnat yhdeksi kokonaisuudeksi";"x"
"form_spain_title";"The end of the Reconquista";"La fin de la Reconquista";"Das Ende der Reconquista";"Koniec rekonkwisty";"El final de la Reconquista";"La fine della Reconquista";"A végén a Reconquista";"Konec Reconquista";"A végén a Reconquista";"Het einde van de Reconquista";"O fim da Reconquista";"????? ??????????";"Lopussa Reconquista";"x"
"form_spain_desc";"There are no more moors in Iberia and the old fragmented kingdoms have been finally reunited";"Il n'y a plus de landes en Ibérie et les anciens royaumes fragmentés ont finalement été réunis";"Es gibt keine Moore in Iberia und die alten zersplitterten Reiche sind endlich wieder vereinigt worden";"Nie ma wiecej cumuje w Iberii i starych rozdrobnionych królestw zostaly ostatecznie spotkaly sie ponownie";"Ya no hay páramos en Iberia y los viejos reinos fragmentados han sido finalmente reunidos";"Non ci sono altri Mori in Iberia e vecchi regni frammentati sono stati finalmente riuniti";"Nincs több lápok Iberia és a régi töredezett királyságok már végre újra összeállt";"Neexistují žádné další rašelinište v Iberii a starých fragmentovaných království byly konecne sešel";"Nincs több lápok Iberia és a régi töredezett királyságok már végre újra összeállt";"Er zijn geen heidevelden meer op het Iberisch schiereiland en de oude gefragmenteerde koninkrijken zijn eindelijk herenigd";"Não existem mais charnecas na Península Ibérica e os antigos reinos fragmentados foram finalmente reunidos";"??? ?????? ??? ??????????? ? ?????? ? ?????? ????????????????? ??????????? ???? ???????-?? ??????????????";"Ei ole enää moors Iberian ja vanha hajanainen kuningaskunnat on vihdoin yhdistynyt uudelleen";"x"
"form_ukraine_title";"The Great Rus of Kiev";"La Grande Rus de Kiev";"Der Große Rus von Kiew";"Wielki Rus Kijów";"La Gran Rus de Kiev";"La grande Rus di Kiev";"A Nagy Rus Kijev";"The Great Rus Kiev";"A Nagy Rus Kijev";"De Grote Rus van Kiev";"A Grande Rus de Kiev";"??????? ???? ?????";"The Great Rus Kiova";"x"
"form_ukraine_desc";"In the middle ages, Rurik, a Viking adventurer, founded the Kievan Rus. We can reclaim his glorious heritage";"Au moyen âge, Rurik, un aventurier viking, a fondé la Rus Kievan. Nous pouvons récupérer son glorieux héritage";"Im Mittelalter gründete Rurik, ein Wikinger-Abenteurer, den Kievan Rus. Wir können sein herrliches Erbe zurückfordern";"W sredniowieczu, Rurik, awanturnik Viking, zalozyl Rusi Kijowskiej. Mozemy odzyskac swoje chwalebne dziedzictwo";"En la Edad Media, Rurik, un aventurero vikingo, fundó la Rus de Kievan. Podemos recuperar su gloriosa herencia";"Nel Medioevo, Rurik, un avventuriero vichingo, fondò la Rus 'di Kiev. Siamo in grado di reclamare la sua eredità gloriosa";"A középkorban, Rurik, a Viking kalandor, megalapította a Kijevi Rusz. Mi lehet visszaigényelni dicsoséges öröksége";"Ve stredoveku, Rurik, Viking dobrodruh, založil Kyjevské Rusi. Mužeme kultivovat jeho slavnou dedictví";"A középkorban, Rurik, a Viking kalandor, megalapította a Kijevi Rusz. Mi lehet visszaigényelni dicsoséges öröksége";"In de middeleeuwen, Rurik, een Viking avonturier, oprichter van het Kievse Rijk. We kunnen zijn glorierijke erfgoed terug te winnen";"Na Idade Média, Rurik, um aventureiro viking, fundou a Rússia Kievan. Podemos recuperar sua gloriosa herança";"? ??????? ????, ?????, ? ?????????? ??????, ??????? ???????? ????. ?? ????? ??????? ??? ??????? ????????";"Keskiajalla, Rurik, Viking seikkailija perustettu Kiovan Rus. Voimme takaisin hänen kunniakas perintö";"x"
"form_philippines_title";"Unification of the Philippines";"Unification des Philippines";"Vereinigung der Philippinen";"Ujednolicenie Filipin";"Unificación de las Filipinas";"Unificazione delle Filippine";"Egyesítés a Fülöp-szigeteken";"Sjednocení na Filipínách";"Egyesítés a Fülöp-szigeteken";"Eenwording van de Filippijnen";"Unificação das Filipinas";"?????????? ?????????";"Yhtenäistämisestä Filippiineillä";"x"
"form_philippines_desc";"There are no more fragmented sultanates in the Philippines. Let’s claim our rightful position in the islands!";"Il n'y a plus de sultanats fragmentés aux Philippines. Réclamons notre position légitime dans les îles!";"Auf den Philippinen gibt es keine fragmentierten Sultanate mehr. Lassen Sie uns unsere richtige Position auf den Inseln behaupten!";"Nie ma bardziej podzielony sultanatów na Filipinach. Miejmy twierdza nalezne nam miejsce w na wyspach!";"No hay más sultanatos fragmentados en Filipinas. Vamos a reclamar nuestra legítima posición en las islas!";"Non ci sono sultanati più frammentati nelle Filippine. Facciamo affermano la nostra posizione giusta nelle isole!";"Nincs több töredezett szultánságok a Fülöp-szigeteken. Nézzük állítják a jogos helyét a szigeteken!";"Neexistují žádné další roztríštené sultanates na Filipínách. Pojdme tvrdí, naši právoplatné pozici v ostrovech!";"Nincs több töredezett szultánságok a Fülöp-szigeteken. Nézzük állítják a jogos helyét a szigeteken!";"Er zijn niet meer gefragmenteerd sultanaten in de Filippijnen. Laten we beweren onze rechtmatige positie in de eilanden!";"Não há mais sultanatos fragmentados nas Filipinas. Vamos reivindicar nossa legítima posição nas ilhas!";"??? ??? ????? ????????????????? ????????? ?? ??????????. ??????? ????????? ???? ???????? ????? ?? ????????!";"Ei ole olemassa hajanaisempaa sulttaani- Filippiineillä. Oletetaan väittävät meidän kuuluva asema saarilla!";"x"
"form_malaya_title";"Malay lands";"Terres malaises";"Malay Länder";"ziemie Malay";"Tierras malayas";"terre malesi";"maláj földeket";"Malay pristane";"maláj földeket";"Malay landt";"Terras malaias";"????????? ?????";"Malaiji maat";"x"
"form_malaya_desc";"Stretching from the Strait of Malacca to Singapore, the Masvlay peoples finally are united under a single country";"S'étendant du détroit de Malacca à Singapour, les peuples malais sont enfin unis dans un pays unique";"Von der Straße von Malacca nach Singapur erstrecken sich die malaiischen Völker schließlich unter einem einzigartigen Land";"Rozciagajacy sie od Ciesniny Malakka do Singapuru, Malajskiego narody w koncu lacza sie w ramach unikalnego kraju";"Estirándose desde el estrecho de Malaca a Singapur, los pueblos malayos finalmente se unen bajo un único país";"Stretching dallo Stretto di Malacca a Singapore, i popoli malesi, infine, sono uniti sotto un unico paese";"Nyújtás a Malaka-szoros Szingapúr, a maláj nép végül egyesül alatt egyedi ország";"Táhnoucí se od úžiny Malacca do Singapuru, Malay národy nakonec se spojí pod jedinecné zeme";"Nyújtás a Malaka-szoros Szingapúr, a maláj nép végül egyesül alatt egyedi ország";"Die zich uitstrekt van de Straat van Malakka naar Singapore, eindelijk de Maleise volken zijn verenigd onder een uniek land";"Esticando-se do Estreito de Malaca para Cingapura, os povos malaios finalmente estão unidos sob um único país";"?????????? ?? ??????????? ??????? ?? ?????????, ????????? ??????, ???????, ?????????? ??? ?????????? ???????";"Ulottuu salmen Malacca ja Singaporen, Malaiji kansojen lopulta yhdistää alla ainutlaatuinen maa";"x"
"form_aztec_title";"Excan Tlahtoloyan";"Excan Tlahtoloyan";"Excan Tlahtoloyan";"Excan Tlahtoloyan";"Excan Tlahtoloyan";"Excan Tlahtoloyan";"Excan Tlahtoloyan";"Excan Tlahtoloyan";"Excan Tlahtoloyan";"Excan Tlahtoloyan";"Excan Tlahtoloyan";"E??a? ?????o?o?a?";"Excan Tlahtoloyan";"x"
"form_aztec_desc";"All the atepetls in Mexico agree to ally under one new federation, led by us.";"Tous les atepetls au Mexique s'accordent à s'allier sous une nouvelle fédération, dirigée par nous.";"Alle atepetls in Mexiko stimmen zu, unter einer neuen Föderation zu verbünden, geführt von uns.";"Wszystkie atepetls w Meksyku zgodzic sie sprzymierzyc pod jednym nowej federacji, prowadzony przez nas.";"Todos los atepetles de México están de acuerdo en aliarse bajo una nueva federación, dirigida por nosotros.";"Tutti gli atepetl in Messico decidono di allearsi in una nuova federazione, guidata da noi.";"Minden atepetls Mexikóban egyetértenek, hogy szövetségre alatt egy új szövetség által vezetett minket.";"Všechny atepetls v Mexiku souhlasit se spojit pod jednu novou federace v cele s námi.";"Minden atepetls Mexikóban egyetértenek, hogy szövetségre alatt egy új szövetség által vezetett minket.";"Alle atepetls in Mexico instemmen met bondgenoot onder een nieuwe federatie, geleid door ons.";"Todos os atepetls no México concordam em aliar-se sob uma nova federação, liderada por nós.";"??? ???????? ? ??????? ???????? ???????????? ??? ????? ????? ?????????, ?? ????? ? ????.";"Kaikki atepetls Meksikossa sopia liittoutua alle yhden uuden liiton johdolla meille.";"x"
"form_usa_title";"The unanimous Declaration of the  United States of America";"La Déclaration unanime des Etats-Unis d'Amérique";"Die einstimmige Erklärung der Vereinigten Staaten von Amerika";"Jednoglosne oswiadczenie Stanów Zjednoczonych Ameryki";"La Declaración unánime de los Estados Unidos de América";"La dichiarazione unanime degli Stati Uniti d'America";"Az egyhangú nyilatkozata az Amerikai Egyesült Államok";"Jednomyslné Prohlášení Spojených státu amerických";"Az egyhangú nyilatkozata az Amerikai Egyesült Államok";"De unanieme verklaring van de Verenigde Staten van Amerika";"A Declaração unânime dos Estados Unidos da América";"???????????? ?????????? ??????????? ?????? ???????";"Yksimielinen julistus Yhdysvallat";"x"
"form_usa_desc";"When in the Course of human events, it becomes necessary for one people to dissolve the political bands which have connected them with another, and to assume among the powers of the earth, the separate and equal station to which the Laws of Nature and of Nature's God entitle them, a decent respect to the opinions of mankind requires that they should declare the causes which impel them to the separation";"Lorsqu'au cours des événements humains il devient nécessaire à un peuple de dissoudre les bandes politiques qui les relient à un autre, et d'assumer dans les puissances de la terre la station séparée et égale à laquelle les Lois de la Nature et de la Nature Dieu leur donne droit, un respect décent aux opinions de l'humanité exige qu'ils déclarent les causes qui les poussent à la séparation";"Wenn es im Verlaufe der menschlichen Ereignisse notwendig wird, daß ein Volk die politischen Banden auflöst, die sie mit dem andern verbunden haben und unter den Mächten der Erde die getrennte und gleiche Station annehmen, denen die Gesetze der Natur und der Natur angehören Gott berechtigt sie, eine anständige Rücksicht auf die Meinungen der Menschheit erfordert, dass sie die Ursachen erklären, die sie zur Trennung treiben";"Gdy w trakcie imprez czlowieka, staje sie konieczne w odniesieniu do jednej osoby do rozpuszczenia zespoly polityczne laczace go z innym, i zajal wsród poteg ziemi, oddzielna i równe stacja, do której prawom natury i Natury Bóg ich uprawniac, godnej szacunku dla opinii ludzkosci wymaga, ze ??powinni zadeklarowac przyczyn, które zmuszaja ich do separacji";"Cuando en el curso de los acontecimientos humanos se hace necesario que un pueblo disuelva las bandas políticas que los conectan con otro y asuma entre las potencias de la tierra la estación separada e igual a la que las Leyes de la Naturaleza y de la Naturaleza Dios les da derecho, un respeto decente a las opiniones de la humanidad exige que declaren las causas que los impulsan a la separación";"Quando nel corso degli eventi umani, si rende necessario per un popolo sciogliere i vincoli politici che lo hanno legato ad un altro, e di assumere tra le potenze della terra, la stazione separata e uguale a cui le Leggi della Natura e della natura Dio gli danno diritto, un conveniente riguardo alle opinioni dell'umanità richiede che quel popolo dichiari le cause che lo costringono a tale secessione";"Amikor az emberi események sodrában szükségessé válik egy nép, hogy feloldódjon a politikai bandák, amelyek kapcsolódnak oket egymással, és hogy vállalja között hatáskörét a föld, a különálló és egyenrangú, amelyhez a Természet Törvényei és a Természet Isten jogosítja fel oket, egy tisztességes tekintetében a vélemények az emberiség megkívánja, hogy nyilatkoznia kell az okokat, amelyek arra ösztönözhetik oket, hogy a szétválasztás";"Když se v prubehu lidských událostí, bude nutné pro jeden národ, aby se rozpustil politické pásma, které je spojené s jinou, a prevzít mezi pravomoci zeme, oddelené a rovnocenné stanice, ke kterému se zákony prírody a spolecnosti Príroda Buh je opravnují, slušný respekt k názorum lidstva vyžaduje, aby urcil, príciny, které jim IMPELem k separaci";"Amikor az emberi események sodrában szükségessé válik egy nép, hogy feloldódjon a politikai bandák, amelyek kapcsolódnak oket egymással, és hogy vállalja között hatáskörét a föld, a különálló és egyenrangú, amelyhez a Természet Törvényei és a Természet Isten jogosítja fel oket, egy tisztességes tekintetében a vélemények az emberiség megkívánja, hogy nyilatkoznia kell az okokat, amelyek arra ösztönözhetik oket, hogy a szétválasztás";"Toen in de loop van de menselijke gebeurtenissen, wordt het noodzakelijk voor een mensen om de politieke banden die ze hebben verbonden met een ander op te lossen, en om aan te nemen onder de bevoegdheden van de aarde, de aparte en gelijkwaardige station waarop de wetten van de natuur en van Nature's God hen het recht, een fatsoenlijke betrekking tot de adviezen van de mens vereist dat ze de oorzaken die hen aanzetten om de scheiding te verklaren";"Quando no Curso dos acontecimentos humanos, torna-se necessário que um povo dissolva as bandas políticas que as ligaram a outro, e assumir entre as potências da Terra a posição separada e igual à qual as Leis da Natureza e da Natureza Deus lhes dá direito, um respeito decente às opiniões da humanidade exige que eles declarem as causas que os levam à separação";"????? ? ???? ???????????? ??????? ?????????? ??????????? ??? ?????? ?????? ?????????? ???????????? ??????, ??????? ????????? ?? ? ???????, ? ?????? ????? ?????? ????, ???????? ? ??????????? ???????, ? ??????? ?????? ??????? ? ??????? ??? ???? ?? ?????, ????????? ???????? ? ?????? ???????????? ???????, ????? ??? ???????? ???????, ??????? ????????? ?? ? ??????????";"Kun aikana ihmisen tapahtumia, se on välttämätöntä yksi kansa liuottaa poliittisia bändejä, jotka ovat kytketty niitä toiseen, ja ottamaan joukossa valtuuksia maan erillinen ja yhtäläinen asema johon Luonnonlait ja Luonnon Jumala oikeuttavat, kunnon osalta mielipiteitä ihmiskunnan edellyttää, että heidän pitäisi ilmoittaa syyt joka pakottaa heidät erottaminen";"x"
"form_southafrica_title";"Federation of Cape Colony";"Fédération de la Colonie du Cap";"Föderation der Kapkolonie";"Federacja Cape Colony";"Federación de la Colonia del Cabo";"Federazione di Colonia del Capo";"Federation of Cape Colony";"Federation of Cape kolonie";"Federation of Cape Colony";"Federatie van Kaapkolonie";"Federação da Colônia do Cabo";"????????? ??????? ???????";"Federation of Cape Colony";"x"
"form_southafrica_desc";"Previously governed by inept leaders, the colonies near the Cape of Good Hope have federated under one country";"Précédemment gouvernée par des chefs ineptes, les colonies près du Cap de Bonne Espérance se sont fédérées dans un seul pays";"Früher regiert von ungeschickten Führern, föderierten die Kolonien in der Nähe des Kaps der Guten Hoffnung unter einem Land";"Wczesniej regulowane przez nieudolnych przywódców, kolonie w poblizu Przyladka Dobrej Nadziei federalized pod jednym kraju";"Anteriormente gobernada por líderes ineptos, las colonias cerca del Cabo de Buena Esperanza federalizadas bajo un solo país";"In precedenza governata da leader inetti, le colonie nei pressi del Capo di Buona Speranza federalizzati in un paese";"Korábban irányadó alkalmatlan vezetok, a telepek közel a Jóreménység föderalizált alatt egy ország";"Dríve rídí neschopných vudcu, kolonie u mysu Dobré nadeje federalizaci v jedné zemi";"Korábban irányadó alkalmatlan vezetok, a telepek közel a Jóreménység föderalizált alatt egy ország";"Eerder beheerst door onbekwame leiders, de koloniën in de buurt van de Kaap de Goede Hoop gefederaliseerd onder één land";"Anteriormente governada por líderes ineptos, as colónias próximas ao Cabo da Boa Esperança federalizaram sob um único país";"????? ???????????? ???????? ????????????? ??????? ???? ???? ?????? ??????? ??????????? ??? ????? ??????";"Aikaisemmin säätelevät taitamaton johtajat, pesäkkeet lähellä Hyväntoivonniemen liittovaltioksi alle yhdessä maassa";"x"
"form_madagascar_title";"I Like to Move It";"I Like to Move It";"I Like to Move It";"I Like to Move It";"Quiero mover el bote";"Mi piace se ti muovi";"I Like to Move It";"I Like to Move It";"I Like to Move It";"I Like to Move It";"I Like to Move It";"?? ???? ?? ??? ??";"I Like to Move It";"x"
"form_madagascar_desc";"Lemurians united under our flag, the Empires in Europe should now tremble";"Les Lémuriens unis sous notre drapeau, les Empires en Europe devraient maintenant trembler";"Lemurianer unter unserer Flagge vereint, sollten die Empire in Europa jetzt zittern";"Lemurianie zjednoczeni pod nasza flaga, imperiów w Europie powinien teraz drza";"Lemurians unidos bajo nuestra bandera, los Empires en Europa ahora deben temblar";"Con i lemuriani uniti sotto la nostra bandiera, gli Imperi in Europa dovrebbero ora tremano";"Lemúriaiak alatt egyesül a zászló, a birodalmak Európában most remeg";"Lemurané sjednotil pod naší vlajkou, ríší v Evrope by mel nyní tresou";"Lemúriaiak alatt egyesül a zászló, a birodalmak Európában most remeg";"Lemurians verenigd onder onze vlag moet de Empires in Europa nu beven";"Lemurianos unidos sob nossa bandeira, os Impérios na Europa devem agora tremer";"????????? ?????????? ??? ????? ??????, ????????? ? ?????? ?????? ???????";"Lemurialaiset yhtenäisenä meidän lippu, Empires Euroopassa pitäisi nyt täristä";"x"
"the_post_colonialism_title";"Post-colonialism";"Post-colonialisme";"Postkolonialismus";"Post-kolonializm";"Postcolonialismo";"Post-colonialismo";"Posztkolonializmus";"Postkolonialismus";"Posztkolonializmus";"Post-kolonialisme";"Pós-colonialismo";"????????????????";"Post-kolonialismi";"x"
"the_post_colonialism_desc";"Many newly settled territories want to achieve their independence";"De nombreux territoires nouvellement établis veulent atteindre leur indépendance";"Viele neu besiedelte Gebiete wollen ihre Unabhängigkeit erreichen";"Wiele nowo osiedlili terytoria chce osiagnac swoja niezaleznosc";"Muchos territorios recién establecidos quieren lograr su independencia";"Molti territori recentemente insediati vogliono ottenere la loro indipendenza";"Sok újonnan betelepített területek szeretnék elérni a függetlenségét";"Mnoho nove osídlené území chci dosáhnout jejich nezávislost";"Sok újonnan betelepített területek szeretnék elérni a függetlenségét";"Veel nieuw vestigden gebieden willen hun onafhankelijkheid te bereiken";"Muitos territórios recém-instalados querem alcançar sua independência";"?????? ????? ???????????? ?????????? ???? ??????? ????? ?????????????";"Monet äskettäin ratkaistu alueiden wanna saavuttaa riippumattomuus";"x"
"mandate_of_heaven_title";"Reclaim the Mandate of Heaven";"Récupérer le mandat du ciel";"Erlöse das Mandat des Himmels";"Odzyskaj Mandat Nieba";"Reclamar el Mandato del Cielo";"Riprendiamoci il Mandato del Cielo";"Vissza a megbízás of Heaven";"Kultivovat Mandate nebe";"Vissza a megbízás of Heaven";"Reclaim the Mandaat van de Hemel";"Recuperar o Mandato do Céu";"???????????? ?????? ?????";"Takaisin taivaan mandaatti";"x"
"mandate_of_heaven_desc";"As the Emperor of Heaven, we are enough technologically advanced to attempt to centralize the Heavenly Kingdom under ourselves";"En tant qu'empereur des cieux, nous sommes suffisamment technologiquement avancés pour tenter de centraliser le Royaume céleste sous nous-mêmes";"Als der Kaiser des Himmels sind wir genug technologisch fortgeschritten, um zu versuchen, das himmlische Königreich unter uns zu zentralisieren";"Jako Imperator Niebios wystarczy nam zaawansowanie technologiczne, aby uspokoic nasze Królestwo Niebianskie";"Como el Emperador del Cielo, estamos suficientemente avanzados tecnológicamente para intentar centralizar el Reino Celestial bajo nosotros mismos";"Come Imperatore del Cielo, siamo abbastanza tecnologicamente avanzata per cercare di centralizzare il Regno dei Cieli in noi stessi";"Mivel a császár az Ég vagyunk elég technológiailag fejlett, hogy megpróbálja központosítása Mennyei Királyságban magunkat";"Vzhledem k tomu, císare nebe, jsme natolik technologicky vyspelé pokoušet se centralizovat nebeského království pod sebe";"Mivel a császár az Ég vagyunk elég technológiailag fejlett, hogy megpróbálja központosítása Mennyei Királyságban magunkat";"Als de keizer van de Hemel, we zijn genoeg technologisch geavanceerde om te proberen de Hemelse Koninkrijk te centraliseren onder onszelf";"Como o Imperador do Céu, estamos suficientemente avançados tecnologicamente para tentar centralizar o Reino Celestial sob nós mesmos";"??? ????????? ?????, ?? ?????????? ?????????????? ??????????, ????? ???????? ?????????????? ???????? ??????? ??? ?????";"Koska keisari Taivaan olemme tarpeeksi teknologisesti kehittyneitä yrittää keskittää taivaan valtakunnan alla itseämme";"x"
"EVTNAME350001";"Centralization of the Heavenly Kingdom";"Centralisation du Royaume céleste";"Zentralisierung des himmlischen Königreichs";"Centralizacja Królestwa Niebieskiego";"Centralización del Reino Celestial";"La centralizzazione del Regno Celeste";"Központosítása a Mennyei Királyság";"Centralizace nebeského království";"Központosítása a Mennyei Királyság";"Centralisatie van de Hemelse Koninkrijk";"Centralização do Reino Celestial";"????????????? ????????? ???????";"Keskittäminen taivaan valtakunnan";"x"
"EVTDESC350001";"Shall we join the Emperor of the Skies?";"Devons-nous nous joindre à l'empereur des cieux?";"Sollen wir uns dem Kaiser des Himmels anschließen?";"Czy powinnismy dolaczyc do Imperatora Niebios?";"¿Podemos unirnos al Emperador de los Cielos?";"Vogliamo unirci all'Imperatore dei Cieli?";"Csatlakozunk a császár a Skies?";"Se napojíme císar z nebe?";"Csatlakozunk a császár a Skies?";"Zullen we lid worden van de keizer van de Skies?";"Vamos juntar-nos ao Imperador dos Céus?";"????????????? ? ?????????? ??????";"Pitäisikö meidän liittyä keisari Skies?";"x"
"EVTOPTA350001";"May the Son of Heaven reign on us!";"Que le Fils du Ciel règne sur nous!";"Möge der Sohn des Himmels auf uns herrschen!";"Niech nasi króluja nad nami Syn Niebios!";"¡Que el Hijo del Cielo reine sobre nosotros!";"Possa il Figlio del Cielo regnare su di noi!";"Május a Son of Heaven uralkodni rajtunk!";"Muže Syn nebes kralovat na nás!";"Május a Son of Heaven uralkodni rajtunk!";"Moge de Zoon van de Hemel regeren op ons!";"Que o Filho do Céu reine sobre nós!";"????? ??? ???????? ????????? ??? ????!";"Voi Poika Heaven hallitsemaan meitä!";"x"
"EVTOPTB350003";"We won't be ruled by such backward religious fanatics! We have science now";"Nous ne serons pas gouvernés par des fanatiques religieux renversés! Nous avons maintenant de la science";"Wir werden nicht von solchen rückständigen religiösen Fanatikern beherrscht werden! Wir haben jetzt Wissenschaft";"Nie bedziemy rzadzeni przez takich wywrotowych religijnych fanatyków! Teraz mamy nauke";"¡No seremos gobernados por fanáticos religiosos atrasados! Tenemos ciencia ahora";"Non saremo governati da tali fanatici religiosi retrogradi! Abbiamo la scienza ora";"Mi nem zárható ilyen backwarded vallási fanatikusok! Van a tudomány ma már";"Budeme nelze vyloucit temito backwarded náboženských fanatiku! Máme ted vedu";"Mi nem zárható ilyen backwarded vallási fanatikusok! Van a tudomány ma már";"We zullen niet worden geregeerd door een dergelijke backwarded religieuze fanatici! We hebben de wetenschap nu";"Não seremos governados por fanáticos religiosos tão atrasados! Temos ciência agora";"?????? ????????? ???????????? ?????????? ??? ?? ????? ?????????! ? ??? ???? ????? ??????";"Emme voi sulkea tällainen backwarded uskonnollisten fanaatikkojen! Meillä on tiedettä nyt";"x"
"EVTNAME350002";"Fall of the Mandate of Heaven";"Chute du mandat du ciel";"Fall des Reiches des Himmels";"Upadek Mandatu Nieba";"Caída del Mandato del Cielo";"Caduta del Mandato del Cielo";"Fall a megbízás of Heaven";"Pád mandátu nebe";"Fall a megbízás of Heaven";"Val van het mandaat van de Hemel";"Queda do Mandato do Céu";"??????? ??????? ?????";"Fall of taivaan mandaatti";"x"
"EVTDESC350002";"Too backwards a concept, the idea of the Heavenly Kingdom has stopped keeping subjects from revolt";"Trop à l'envers, le concept du Royaume céleste a empêché les sujets de se révolter";"Zu viel rückwärts hat das Konzept des himmlischen Königreichs aufgehört, Themen von Aufruhr zu halten";"Za duzo wstecz, pojecie Niebianskiego Królestwa przestalo trzymac tematy z buntu";"Demasiado atrás, el concepto de Reino Celestial ha dejado de mantener a los sujetos de la revuelta";"Troppo a ritroso, il concetto di Regno Celeste ha smesso di evitare che i tributari si rivoltino";"Túl sok hátra, a koncepció a Mennyei Királyság leállt tartása alanyt lázadás";"Príliš mnoho dozadu, pojetí nebeského království prestal držet predmety z revolty";"Túl sok hátra, a koncepció a Mennyei Királyság leállt tartása alanyt lázadás";"Te veel achteruit, het concept van de Hemelse Koninkrijk is gestopt met het houden van onderwerpen uit de opstand";"Demasiado para trás, o conceito de Reino Celestial parou de manter os sujeitos da revolta";"??????? ????? ?????, ????????? ????????? ??????? ????????? ?????????? ????????? ?? ?????????";"Liikaa taaksepäin, käsite taivasten valtakunta on pysähtynyt pitää aiheista kapina";"x"
"EVTOPTA350002";"A dream gone to waste...";"Un rêve a été perdu ...";"Ein Traum ist verschwunden ...";"Marzenie marnowalo ...";"Un sueño perdido ...";"Un sogno andato sprecato...";"Egy álom ment veszendobe ...";"Sen šel do odpadu ...";"Egy álom ment veszendobe ...";"Een droom gegaan om te verspillen ...";"Um sonho perdido ...";"????? ???????...";"Unelma mennyt hukkaan ...";"x"
"EVTNAME350003";"Centralization of the Heavenly Kingdom";"Centralisation du Royaume céleste";"Zentralisierung des himmlischen Königreichs";"Centralizacja Królestwa Niebieskiego";"Centralización del Reino Celestial";"La centralizzazione del Regno Celeste";"Központosítása a Mennyei Királyság";"Centralizace nebeského království";"Központosítása a Mennyei Királyság";"Centralisatie van de Hemelse Koninkrijk";"Centralização do Reino Celestial";"????????????? ????????? ???????";"Keskittäminen taivaan valtakunnan";"x"
"EVTOPTA350003";"The winner becomes King, the loser becomes outlaw";"Le gagnant devient roi, le perdant devient hors-la-loi";"Der Gewinner wird König, der Verlierer wird Verbrecher";"Zwyciezca zostaje królem, przegrany staje sie przestepca";"El ganador se convierte en Rey, el perdedor se convierte en proscrito";"Il vincitore diventa Re, il perdente diventa fuorilegge";"A gyoztes király lesz, a vesztes lesz betyár";"Vítezem se stává králem, poražený se stane psanec";"A gyoztes király lesz, a vesztes lesz betyár";"De winnaar wordt Koning, de verliezer wordt outlaw";"O vencedor torna-se rei, o perdedor torna-se fora da lei";"?????????? ?????????? ???????, ??????????? ?????????? ??? ??????";"Voittaja tulee kuningas, häviäjä tulee lainsuojaton";"x"
"hre_NEWS_LONG";"A new power in Europe has regained its ancient splendor. The Sacrum Imperium Romanium was re-united by the current Kaiser. At Aachen, historically Aquisgrana, the Emperor was crowned King of the Romans by the princes of the Empire and by the Pope, thousand years after the foundation of the empire by Charlemagne.";"Une nouvelle puissance en Europe a atteint son ancienne splendeur. Le Sacrum Imperium Romanium a été ré-uni par le Kaiser actuel. A Aachen, historiquement Aquisgrana, l'empereur a été couronné roi des Romains par les princes de l'Empire et par le Pape, après mille ans de la fondation de l'empire par Charles le Grand.";"Eine neue Macht in Europa hat seine alte Pracht. Das Sacrum Imperium Romanium wurde durch den aktuellen Kaiser wieder vereinigt. In Aachen, historisch Aquisgrana, wurde der Kaiser als König der Römer von den Fürsten des Reiches und vom Papst gekrönt, nach tausend Jahren von der Gründung des Reiches durch Karl dem Großen.";"Nowa moc w Europie ma do swojej dawnej swietnosci. Rzymski Imperium Imperium zostal ponownie zjednoczony przez obecnego Kaisera. W Aachen, historycznie Aquisgrana, cesarz zostal ukoronowany królem Rzymian przez ksiazat Imperium i przez papieza, po tysiac lat od zalozenia imperium przez Karola Wielkiego.";"Un nuevo poder en Europa ha llegado a su antiguo esplendor. El Sacrum Imperium Romanium fue re-unido por el actual Kaiser. En Aquisgrán, históricamente Aquisgrana, el Emperador fue coronado como Rey de los Romanos por los príncipes del Imperio y por el Papa, después de mil años de la fundación del imperio por Carlos el Grande.";"Un nuovo potere in Europa è tornato al suo antico splendore. Il Sacrum Imperium Romanium è stato riunito dal corrente Kaiser. Ad Aquisgrana l'imperatore fu incoronato come Re dei Romani dai prìncipi dell'Impero e dal Papa, dopo mille anni dalla fondazione dell'impero di Carlo Magno.";"Egy új európai hatalmi kapott, hogy az osi fényét. A Sacrum Imperium Romanium újra egyesül az aktuális Kaiser. Aachen, történelmileg Aquisgrana császár koronázták királlyá a rómaiak által fejedelmek a Birodalom és a pápa, ezer év után az alapítvány a birodalom Nagy Károly.";"Nová síla v Evrope má své starobylé stavby. Sacrum Imperium Romanium byl re-sjednocený aktuálním Kaiser. U Aachen, historicky Aquisgrana, císar byl korunován jako King Rímanu u princu ríše a papežem, po tisíci letech od založení ríše Karla Velikého.";"Egy új európai hatalmi kapott, hogy az osi fényét. A Sacrum Imperium Romanium újra egyesül az aktuális Kaiser. Aachen, történelmileg Aquisgrana császár koronázták királlyá a rómaiak által fejedelmek a Birodalom és a pápa, ezer év után az alapítvány a birodalom Nagy Károly.";"Een nieuwe macht in Europa heeft tot zijn oude pracht. De Sacrum Imperium Romanium werd opnieuw verenigd door de huidige Kaiser. In Aken, historisch Aquisgrana, werd de keizer gekroond tot Koning van de Romeinen door de vorsten van het rijk en door de paus, na duizend jaar na de oprichting van het rijk van Karel de Grote.";"Um novo poder na Europa tem seu antigo esplendor. O Sacrum Imperium Romanium foi re-unido pelo atual Kaiser. Em Aquisgrão, historicamente Aquisgrana, o Imperador foi coroado como Rei dos Romanos pelos príncipes do Império e pelo Papa, depois de mil anos da fundação do império por Charles o Grande.";"????? ???? ? ?????? ???????? ?????? ???????? ???????????. ?????? ??????? ??????? ??? ????? ????????? ???????? ????????. ? ??????, ??????????? ?????????? ?????????, ????????? ??? ????????? ??????? ?????? ???????? ??????? ? ????? ??????? ????? ?????? ??? ????? ????????? ??????? ?????? ???????.";"Uusi voima Euroopassa on saanut sen antiikin loiston. Ristiluun Imperium Romanium uudelleen yhdistää nykyisen Kaiser. Aachenissa, historiallisesti Aquisgrana, keisari kruunattiin kuninkaaksi roomalaiset ruhtinaat Imperiumin ja paavin, kun tuhat vuotta luomisesta alkaen keisarikunnassa Kaarle Suuren.";"x"
"hre_NEWS_MEDIUM";"Great celebrations in Aachen, once again city of Emperors. Today, the King of the Romans was acclaimed Imperator of the Holy Roman Empire.";"Grande fête à Aix-la-Chapelle, encore une fois ville des empereurs. Aujourd'hui, le roi des Romains a été acclamé comme Imperator du Saint Empire romain germanique.";"Große Feier in Aachen, noch einmal Stadt der Kaiser. Heute wurde der König der Römer als Imperator des Heiligen Römischen Reiches akklamiert.";"Wielkie swieto w Akwizgranie, ponownie miasto cesarzy. Dzisiaj król Rzymianie zostal ogloszony Imperatorem Swietego Cesarstwa Rzymskiego.";"Gran celebración en Aquisgrán, una vez más ciudad de los Emperadores. Hoy, el Rey de los Romanos fue aclamado como Imperator del Sacro Imperio Romano.";"Grande festa in Aquisgrana, ancora una volta città di imperatori. Oggi, il Re dei Romani è stato acclamated come Imperatore del Sacro Romano Impero.";"Nagy ünnepség Aachenben, ismét a császárváros. Ma, a király a rómaiak acclamated mint Imperator a Szent Római Birodalom.";"Výborná oslava v Cáchách, opet mesto císaru. V soucasné dobe, král Rímanu byla acclamated jako imperátora Svaté ríše rímské.";"Nagy ünnepség Aachenben, ismét a császárváros. Ma, a király a rómaiak acclamated mint Imperator a Szent Római Birodalom.";"Groot feest in Aken, nogmaals stad van keizers. Vandaag de dag, de Koning van de Romeinen werd acclamated als Imperator van het Heilige Roomse Rijk.";"Grande celebração em Aachen, mais uma vez a cidade dos Imperadores. Hoje, o Rei dos Romanos foi aclamado como Imperador do Sacro Império Romano.";"??????? ???????? ? ??????, ????? ????? ???????????. ??????? ?????? ?????? ??? ???????????????? ??? ????????? ????????? ??????? ???????.";"Suuri juhla Aachen, jälleen kaupunki Emperors. Nykyään kuningas roomalaiset oli acclamated kuten Imperator Pyhän saksalais-roomalaisen keisarikunnan.";"x"
"hre_NEWS_SHORT";"A thousand years after Charlemagne, the Holy Roman Empire has returned to its old glory, having been reunified recently.";"Après un millier d'années de Charlemagne, le Saint Empire romain germanique est revenu à sa vieille gloire, réunis récemment.";"Nach tausend Jahren von Karl dem Großen kehrte das Heilige Römische Reich zu seiner alten Herrlichkeit zurück und wurde vor kurzem wiedervereinigt.";"Po tysiac lat od Karola Wielkiego, swiete Imperium Rzymskie powrócilo do dawnej chwaly, która ostatnio zostala zjednoczona.";"Después de mil años de Carlomagno, el Sacro Imperio Romano volvió a su antigua gloria, reunificada recientemente.";"Dopo mille anni da Carlo Magno, il Sacro Romano Impero restituita al suo antico splendore, essendo stato riunificato recente.";"Miután ezer év Károly, a Szent Római Birodalom visszatért a régi dicsoség, miután újraegyesített közelmúltban.";"Po tisíci letech od Charlemagne, Svatá ríše rímská se vrátil do své staré sláve, která byla v nedávné dobe znovu sjednotilo.";"Miután ezer év Károly, a Szent Római Birodalom visszatért a régi dicsoség, miután újraegyesített közelmúltban.";"Na duizend jaar van Karel de Grote, het Heilige Roomse Rijk keerde terug naar zijn oude glorie, die onlangs herenigd.";"Depois de mil anos de Carlomagno, o Sacro Império Romano voltou a sua antiga glória, tendo sido reunificada recentemente.";"?????? ?????? ??? ?? ????? ????????, ????????? ??????? ??????? ????????? ? ????? ?????? ?????, ??????????????? ???????.";"Jälkeen tuhannen vuoden Kaarle, Pyhän Rooman valtakunta palasi sen vanha kunniaa tultuaan yhdistynyt äskettäin.";"x"
"mandate_of_heaven_NEWS_LONG";"Son of the Sky, the Emperor of China is truly the Prince of Heaven and the population of China decided to accept it again. The coronation was in a more western style and the various warring states and cliques submitted to the Emperor like in antiquity.";"Fils du Ciel, l'Empereur de Chine est vraiment le Prince des Cieux et la population de la Chine a décidé de l'accepter à nouveau. Le couronnement était dans un style plus occidental et les différents états et cliques en guerre soumis à l'empereur comme dans l'antiquité.";"Sohn des Himmels, der Kaiser von China ist wirklich der Fürst des Himmels und die Bevölkerung von China beschlossen, es wieder zu akzeptieren. Die Krönung war im westlichen Stil und die verschiedenen kriegsführenden Staaten und Cliquen, die dem Kaiser wie in der Antike vorgelegt wurden.";"Syn nieba, cesarz Chin jest naprawde ksieciem nieba, a ludnosc Chin postanowila ja zaakceptowac. Koronacja byla w bardziej zachodnim stylu, a rózne stany i kliki ciazace na cesarzu, jak w starozytnosci.";"Hijo del Cielo, el Emperador de China es verdaderamente el Príncipe del Cielo y la población de China decidió aceptarlo de nuevo. La coronación estaba en un estilo más occidental y los diversos estados y camarillas enfrentados sometidos al emperador como en la antigüedad.";"Figlio del Cielo, l'imperatore della Cina è veramente il Principe del Cielo e la popolazione della Cina ha deciso di accettare di nuovo. L'incoronazione era in uno stile più occidentale e vari stati in guerra e cricche presentato al condottiero come nell'antichità.";"Fia az ég, a kínai császár valóban a Prince of Heaven és a lakosság Kína úgy döntött, hogy elfogadja azt vissza. A koronázás volt egy nyugati stílusú, és a különbözo háborúskodó államok és klikkek be a császárnak, mint az ókorban.";"Syn nebes, císar Cíny je skutecne Prince of Heaven a pocet obyvatel Cíny rozhodl znovu prijmout zpet. Korunovace byl ve více westernovém stylu a ruzných válcících státu a klik predložené k císari jako ve staroveku.";"Fia az ég, a kínai császár valóban a Prince of Heaven és a lakosság Kína úgy döntött, hogy elfogadja azt vissza. A koronázás volt egy nyugati stílusú, és a különbözo háborúskodó államok és klikkek be a császárnak, mint az ókorban.";"Zoon van de Hemel, de keizer van China is echt de prins van de hemel en de bevolking van China besloten om het weer terug te nemen. De kroning was in een meer westerse stijl en de verschillende Strijdende Staten en klieken, zoals in de oudheid tot de keizer voorgelegd.";"Filho do Céu, o Imperador da China é verdadeiramente o Príncipe do Céu ea população da China decidiu aceitá-lo novamente. A coroação estava em um estilo mais ocidental e os vários estados e cliques guerreiros submetidos ao Imperador como na antiguidade.";"??? ????, ????????? ????????? ???????? ???????? ??????? ????????, ? ????????? ????? ?????? ??????? ??? ???????. ????????? ???? ? ????? ???????? ?????, ? ????????? ??????? ??????????? ? ????? ??????????? ??????????, ??? ? ?????????.";"Poika Sky, Kiinan keisari on todella taivaan prinssi ja väestön Kiina päätti hyväksyä sen takaisin. Kruunajaisten oli entistä länsimaisen ja eri sotivien ja klikkien toimitettiin keisari kuten antiikin.";"x"
"mandate_of_heaven_NEWS_MEDIUM";"Today, the people of China were united again under the rule of the Son of Heaven, like in ancient times. Will the Emperor keep trading with the West?";"Aujourd'hui, les gens de la Chine sont unis de nouveau sous la domination du Fils du Ciel, comme dans l'Antiquité. L'Empereur continuera-t-il à négocier avec l'Occident?";"Heute sind die Menschen in China wieder unter der Herrschaft des Sohnes des Himmels, wie in der Antike. Wird der Kaiser mit dem Westen handeln?";"Dzis ludzie z Chin zjednoczyli sie ponownie pod rzadami Syna Niebios, podobnie jak w czasach starozytnych. Czy cesarz bedzie kontynuowal handel z Zachodem?";"Hoy, el pueblo de China se unió nuevamente bajo el gobierno del Hijo del Cielo, como en los tiempos antiguos. ¿El emperador seguirá comerciando con Occidente?";"Oggi, il popolo della Cina uniti di nuovo sotto il dominio del Figlio del Cielo, come nei tempi antichi. Sarà l'imperatore mantenere trading con l'Occidente?";"Ma, a kínai nép egyesült újra uralma alá a Son of Heaven, mint az ókorban. Vajon a császár tartani kereskedés a Nyugat?";"V soucasné dobe lidé z Cíny sjednotila opet pod vládou Syna nebes, jako v dávných dobách. Bude Emperor udržet obchodování se Západem?";"Ma, a kínai nép egyesült újra uralma alá a Son of Heaven, mint az ókorban. Vajon a császár tartani kereskedés a Nyugat?";"Vandaag de dag, de bevolking van China verenigd weer onder de heerschappij van de Zoon van de Hemel, net als in de oude tijden. Zal de keizer te houden handel met het Westen?";"Hoje, o povo da China se uniu novamente sob o domínio do Filho do Céu, como nos tempos antigos. O Imperador continuará negociando com o Ocidente?";"??????? ????? ????? ????? ??????????? ??? ??????? ???? ????, ??? ? ??????? ???????. ????? ?? ????????? ?????????? ????????? ? ????????";"Nykyään ihmiset China United takaisin vallan alle Poika Heaven, kuten muinoin. Tuleeko keisari pitää kauppaa lännen kanssa?";"x"
"mandate_of_heaven_NEWS_SHORT";"How will Western civilization face the new threat from the East - the Mandate of Heaven? Continued in page 7.";"Comment la civilisation occidentale fera face à la nouvelle menace de l'Est du Mandat du Ciel? Continuez dans la page 7.";"Wie sieht die westliche Zivilisation vor der neuen Bedrohung aus dem Osten des Mandats des Himmels? Weiter auf Seite 7.";"W jaki sposób zachodnia cywilizacja stanie przed nowym zagrozeniem ze strony Wschodu Mandatu Nieba? Kontynuuj na stronie 7.";"¿Cómo enfrentará la civilización occidental la nueva amenaza desde el Este del Mandato del Cielo? Continúe en la página 7.";"Come sarà la civiltà occidentale ad affrontare la nuova minaccia da Oriente del Mandato del Cielo? Continuare a pagina 7.";"Hogyan fog a nyugati civilizáció szembe az új fenyegetés a keleti a megbízás az ég? Folytatás a 7. oldalon.";"Jak bude západní civilizace celit nové hrozbe z Východu mandátu nebes? Pokracujeme strane 7.";"Hogyan fog a nyugati civilizáció szembe az új fenyegetés a keleti a megbízás az ég? Folytatás a 7. oldalon.";"Hoe zullen de westerse beschaving geconfronteerd met de nieuwe dreiging uit het Oosten van het mandaat van de hemel? Ga verder in pagina 7.";"Como a civilização ocidental enfrentará a nova ameaça do Oriente do Mandato do Céu? Continue na página 7.";"??? ???????? ??????????? ?????????? ? ????? ??????? ? ??????? ??????? ?????? ????????? ?? ???. 7.";"Miten länsimaisen sivilisaation kohtaamaan uusi uhka idästä ja taivaan mandaatti? Jatka sivulle 7.";"x"
