NONE;*;*;*;*;*;*;*;*;;;;;;x;;;;;
ADA;Adal;Adal;Adal;Adal;;;;;;;;;;;;x;;;;
AHM;Bihar;Bihar;Bihar;Bihar;;;;;;;;;;;;x;;;;
AKK;Ak Koyunlu;Ak Koyunlu;Ak Koyunlu;Ak Koyunlu;;;;;;;;;;;;x;;;;
ALH;Haasa;Haasa;Haasa;Haasa;;;;;;;;;;;x;;;;;
ALS;Alsace;Alsace;Alsace;Alsace;;;;;;;;;;;x;;;;;
AMG;Armagnac;Armagnac;Armagnac;Armagnac;;;;;;;;;;;x;;;;;
ANN;Annam;Annam;Annam;Annam;;;;;;;;;;;x;;;;;
ANS;Ansbach;Ansbach;Ansbach;Ansbach;;;;;;;;;;;x;;;;;
ARO;Aragon;Aragon;Aragon;Aragon;;;;;;;;;;;x;;;;;
ARK;Arakan;Arakan;Arakan;Arakan;;;;;;;;;;;x;;;;;
ASH;Ashanti;Ashanti;Ashanti;Ashanti;;;;;;;;;;;x;;;;;
ASS;Assam;Assam;Assam;Assam;;;;;;;;;;;x;;;;;
AKH;Astrakhan;Astrakhan;Astrakhan;Astrakhan;;;;;;;;;;;x;;;;;
ATH;Athens;Athens;Athens;Athens;;;;;;;;;;;x;;;;;
AUV;Auvergne;Auvergne;Auvergne;Auvergne;;;;;;;;;;;x;;;;;
AVI;Avignon;Avignon;Avignon;Avignon;;;;;;;;;;;x;;;;;
AZT;Aztec;Aztec;Aztec;Aztec;;;;;;;;;;;x;;;;;
BAH;Deccan;Deccan;Deccan;Deccan;;;;;;;;;;;x;;;;;
BAN;Banten;Banten;Banten;Banten;;;;;;;;;;;x;;;;;
BCS;Baluchistan;Baluchistan;Baluchistan;Baluchistan;;;;;;;;;;;x;;;;;
BEN;Benin;Benin;Benin;Benin;;;;;;;;;;;x;;;;;
BIJ;Bijapur;Bijapur;Bijapur;Bijapur;;;;;;;;;;;;x;;;;
BNG;Bengal;Bengal;Bengal;Bengal;;;;;;;;;;;;x;;;;
BOU;Bourbonnais;Bourbonnais;Bourbonnais;Bourbonnais;;;;;;;;;;;;x;;;;
BRD;Brandenburg;Brandenburg;Brandenburg;Brandenburg;;;;;;;;;;;;x;;;;
BRB;Brabant;Brabant;Brabant;Brabant;;;;;;;;;;;;x;;;;
BRI;Brittany;Brittany;Brittany;Brittany;;;;;;;;;;;;x;;;;
BRR;Berar;Berar;Berar;Berar;;;;;;;;;;;;x;;;;
BRG;Burgundy;Burgundy;Burgundy;Burgundy;;;;;;;;;;;;x;;;;
CAS;Castille;Castille;Castille;Castille;;;;;;;;;;;;x;;;;
CHA;Champa;Champa;Champa;Champa;;;;;;;;;;;;x;;;;
CHG;Chagatai;Chagatai;Chagatai;Chagatai;;;;;;;;;;;;x;;;;
CHK;Champassak;Champassak;Champassak;Champassak;;;;;;;;;;;x;;;;;
CHM;Chimu;Chimu;Chimu;Chimu;;;;;;;;;;;;x;;;;
CHP;Champagne;Champagne;Champagne;Champagne;;;;;;;;;;;;x;;;;
CND;Candar;Candar;Candar;Candar;;;;;;;;;;;;x;;;;
CNN;Connacht;Connacht;Connacht;Connacht;;;;;;;;;;;;x;;;;
COR;Corsica;Corsica;Corsica;Corsica;;;;;;;;;;;;x;;;;
CRK;Creek;Creek;Creek;Creek;;;;;;;;;;;;x;;;;
CRN;Cornwall;Cornwall;Cornwall;Cornwall;;;;;;;;;;;;x;;;;
DAU;Dauphine;Dauphine;Dauphine;Dauphine;;;;;;;;;;;;x;;;;
DLH;Delhi;Delhi;Delhi;Delhi;;;;;;;;;;;;x;;;;
DUL;Dulkadir;Dulkadir;Dulkadir;Dulkadir;;;;;;;;;;;;x;;;;
DUR;Durrani;Durrani;Durrani;Durrani;;;;;;;;;;;;x;;;;
ENL;England;England;England;England;;;;;;;;;;;;x;;;;
ENL_ADJ;English;English;English;English;;;;;;;;;;;;x;;;;
FER;Ferrara;Ferrara;Ferrara;Ferrara;;;;;;;;;;;;x;;;;
FEZ;Fez;Fez;Fez;Fez;;;;;;;;;;;;x;;;;
FOI;Foix;Foix;Foix;Foix;;;;;;;;;;;;x;;;;
FRI;Friesland;Friesland;Friesland;Friesland;;;;;;;;;;;;x;;;;
GAK;Gakwar;Gakwar;Gakwar;Gakwar;;;;;;;;;;;;x;;;;
GDW;Gondwana;Gondwana;Gondwana;Gondwana;;;;;;;;;;;;x;;;;
GEL;Gelre;Gelre;Gelre;Gelre;;;;;;;;;;;;x;;;;
GNA;Genoa;Genoa;Genoa;Genoa;;;;;;;;;;;;x;;;;
GOC;Golcanda;Golcanda;Golcanda;Golcanda;;;;;;;;;;;;x;;;;
GOL;Golden Horde;Golden Horde;Golden Horde;Golden Horde;;;;;;;;;;;;;x;;;
GOT;Gotland;Gotland;Gotland;Gotland;;;;;;;;;;;;x;;;;
GRA;Granada;Granada;Granada;Granada;;;;;;;;;;;;x;;;;
GUJ;Gujarat;Gujarat;Gujarat;Gujarat;;;;;;;;;;;;x;;;;
GUY;Guyenne;Guyenne;Guyenne;Guyenne;;;;;;;;;;;;x;;;;
HAT;Hainaut;Hainaut;Hainaut;Hainaut;;;;;;;;;;;;x;;;;
HAU;Hausa;Hausa;Hausa;Hausa;;;;;;;;;;;;x;;;;
HLL;Holland;Holland;Holland;Holland;;;;;;;;;;;;x;;;;
HUR;Huron;Huron;Huron;Huron;;;;;;;;;;;x;;;;;
INC;Inca;Inca;Inca;Inca;;;;;;;;;;;;x;;;;
IRO;Iroquois;Iroquois;Iroquois;Iroquois;;;;;;;;;;;;x;;;;
KAR;Karaman;Karaman;Karaman;Karaman;;;;;;;;;;;;x;;;;
KAZ;Kazan;Kazan;Kazan;Kazan;;;;;;;;;;;;x;;;;
KBO;Kanem Bornu;Kanem Bornu;Kanem Bornu;Kanem Bornu;;;;;;;;;;;;;x;;;
KHA;Mongol Khanate;Mongol Khanate;Mongol Khanate;Mongol Khanate;;;;;;;;;;;;;x;;;
KHD;Khandesh;Khandesh;Khandesh;Khandesh;;;;;;;;;;;;x;;;;
KLE;Cleves;Cleves;Cleves;Cleves;;;;;;;;;;;;x;;;;
KNI;The Knights;The Knights;The Knights;The Knights;;;;;;;;;;;;;x;;;
KOL;Cologne;Cologne;Cologne;Cologne;;;;;;;;;;;;x;;;;
KON;Kongo;Kongo;Kongo;Kongo;;;;;;;;;;;;x;;;;
KRK;Carnatic;Carnatic;Carnatic;Carnatic;;;;;;;;;;;;x;;;;
KTH;Ceylon;Ceylon;Ceylon;Ceylon;;;;;;;;;;;;x;;;;
KUR;Kurland;Kurland;Kurland;Kurland;;;;;;;;;;;;x;;;;
KZH;Kazakh;Kazakh;Kazakh;Kazakh;;;;;;;;;;;;x;;;;
LAN;Lancaster;Lancaster;Lancaster;Lancaster;;;;;;;;;;;;x;;;;
LEI;Leinster;Leinster;Leinster;Leinster;;;;;;;;;;;;x;;;;
LIE;Liege;Liege;Liege;Liege;;;;;;;;;;;;x;;;;
LNA;Lan Na;Lan Na;Lan Na;Lan Na;;;;;;;;;;;;;x;;;
LOA;Loango;Loango;Loango;Loango;;;;;;;;;;;;x;;;;
LOR;Lorraine;Lorraine;Lorraine;Lorraine;;;;;;;;;;;;x;;;;
LOU;Louisiana;Louisiana;Louisiana;Louisiana;;;;;;;;;;;;x;;;;
LUN;Lüneburg;Lüneburg;Lüneburg;Lüneburg;;;;;;;;;;;x;;;;;
LXA;Lan Xang;Lan Xang;Lan Xang;Lan Xang;;;;;;;;;;;;;x;;;
MAG;Magdeburg;Magdeburg;Magdeburg;Magdeburg;;;;;;;;;;;;x;;;;
MAI;Mainz;Mainz;Mainz;Mainz;;;;;;;;;;;;x;;;;
MAL;Mali;Mali;Mali;Mali;;;;;;;;;;;;x;;;;
MTA;Mantua;Mantua;Mantua;Mantua;;;;;;;;;;;;x;;;;
MAR;Maharasthra;Maharasthra;Maharasthra;Maharasthra;;;;;;;;;;;;x;;;;
MAY;Maya;Maya;Maya;Maya;;;;;;;;;;;;x;;;;
MAZ;Mazovia;Mazovia;Mazovia;Mazovia;;;;;;;;;;;;x;;;;
MCH;Manchu;Manchu;Manchu;Manchu;;;;;;;;;;;;x;;;;
MKS;Makassar;Makassar;Makassar;Makassar;;;;;;;;;;;;x;;;;
MLB;Manipur;Manipur;Manipur;Manipur;;;;;;;;;;;;x;;;;
MLC;Malacca;Malacca;Malacca;Malacca;;;;;;;;;;;;x;;;;
MLD;Maldive;Maldive;Maldive;Maldive;;;;;;;;;;;;x;;;;
MLW;Malwa;Malwa;Malwa;Malwa;;;;;;;;;;;;x;;;;
MNG;Ming;Ming;Ming;Ming;;;;;;;;;;;;x;;;;
MNS;Munster;Munster;Munster;Munster;;;;;;;;;;;;x;;;;
MOE;Morea;Morea;Morea;Morea;;;;;;;;;;;;x;;;;
MOS;Muscowy;Muscowy;Muscowy;Muscowy;;;;;;;;;;;;x;;;;
MSN;Meissen;Meissen;Meissen;Meissen;;;;;;;;;;;;x;;;;
MTR;Mataram;Mataram;Mataram;Mataram;;;;;;;;;;;;x;;;;
MUN;Münster;Münster;Münster;Münster;;;;;;;;;;;;x;;;;
NAV;Navarra;Navarra;Navarra;Navarra;;;;;;;;;;;;x;;;;
NAX;Naxos;Naxos;Naxos;Naxos;;;;;;;;;;;;x;;;;
NEV;Nevers;Nevers;Nevers;Nevers;;;;;;;;;;;;x;;;;
NOG;Nogai;Nogai;Nogai;Nogai;;;;;;;;;;;x;;;;;
NOL;Northumberland;Northumberland;Northumberland;Northumberland;;;;;;;;;;;;x;;;;
NOV;Novgorod;Novgorod;Novgorod;Novgorod;;;;;;;;;;;;x;;;;
NRM;Normandy;Normandy;Normandy;Normandy;;;;;;;;;;;;x;;;;
NUB;Funj;Funj;Funj;Funj;;;;;;;;;;;;x;;;;
OIR;Oirat;Horde;Horde;Horde;Horde;;;;;;;;;;;;x;;;
ORL;Orleans;Orleans;Orleans;Orleans;;;;;;;;;;;;x;;;;
OYO;Oyo;Oyo;Oyo;Oyo;;;;;;;;;;;;x;;;;
PAL;The Palatinate;The Palatinate;The Palatinate;The Palatinate;;;;;;;;;;;;;x;;;
PAT;Pattani;Pattani;Pattani;Pattani;;;;;;;;;;;;x;;;;
PEG;Pegu;Pegu;Pegu;Pegu;;;;;;;;;;;;x;;;;
PIS;Pisa;Pisa;Pisa;Pisa;;;;;;;;;;;;x;;;;
POM;Pommerania;Pommerania;Pommerania;Pommerania;;;;;;;;;;;;x;;;;
PRO;Provence;Provence;Provence;Provence;;;;;;;;;;;;x;;;;
PSK;Pskov;Pskov;Pskov;Pskov;;;;;;;;;;;;x;;;;
QAR;Qara Koyunlu;Qara Koyunlu;Qara Koyunlu;Qara Koyunlu;;;;;;;;;;;;;x;;;
QAS;Qasim Khanate;Qasim Khanate;Qasim Khanate;Qasim Khanate;;;;;;;;;;;;;x;;;
RAG;Ragusa;Ragusa;Ragusa;Ragusa;;;;;;;;;;;;x;;;;
RAJ;Rajputana;Rajputana;Rajputana;Rajputana;;;;;;;;;;;;x;;;;
RIG;Riga;Riga;Riga;Riga;;;;;;;;;;;;x;;;;
RYA;Ryazan;Ryazan;Ryazan;Ryazan;;;;;;;;;;;;x;;;;
RYU;Ryukyu;Ryukyu;Ryukyu;Ryukyu;;;;;;;;;;;;x;;;;
SRD;Sardinia;Sardinia;Sardinia;Sardinia;;;;;;;;;;;;x;;;;
SAV;Savoy;Savoy;Savoy;Savoy;;;;;;;;;;;;x;;;;
SHA;Shawnee;Shawnee;Shawnee;Shawnee;;;;;;;;;;;;x;;;;
SIB;Sibir;Sibir;Sibir;Sibir;;;;;;;;;;;;x;;;;
SII;Sicily;Sicily;Sicily;Sicily;;;;;;;;;;;;x;;;;
SNA;Siena;Siena;Siena;Siena;;;;;;;;;;;;x;;;;
SIL;Silesia;Silesia;Silesia;Silesia;;;;;;;;;;;;x;;;;
SLZ;Salzburg;Salzburg;Salzburg;Salzburg;;;;;;;;;;;;x;;;;
SGU;Segu;Segu;Segu;Segu;;;;;;;;;;;;x;;;;
SOF;Sofala;Sofala;Sofala;Sofala;;;;;;;;;;;;x;;;;
SON;Songhai;Songhai;Songhai;Songhai;;;;;;;;;;;;x;;;;
SST;Shan;Shan;Shan;Shan;;;;;;;;;;;;x;;;;
STY;Styria;Styria;Styria;Styria;;;;;;;;;;;;x;;;;
SUL;Sulu;Sulu;Sulu;Sulu;;;;;;;;;;;;x;;;;
TEU;Teutonic Order;Teutonic Order;Teutonic Order;Teutonic Order;;;;;;;;;;;;;x;;;
THU;Thuringia;Thuringia;Thuringia;Thuringia;;;;;;;;;;;;x;;;;
TIM;Timurids;Timurids;Timurids;Timurids;;;;;;;;;;;;x;;;;
TIR;Tirol;Tirol;Tirol;Tirol;;;;;;;;;;;;x;;;;
TOK;Tonkin;Tonkin;Tonkin;Tonkin;;;;;;;;;;;;x;;;;
TOU;Toulouse;Toulouse;Toulouse;Toulouse;;;;;;;;;;;;x;;;;
TBZ;Trebizond;Trebizond;Trebizond;Trebizond;;;;;;;;;;;;x;;;;
TER;Trier;Trier;Trier;Trier;;;;;;;;;;;;x;;;;
TRV;Travanacore;Travanacore;Travanacore;Travanacore;;;;;;;;;;;;x;;;;
TVE;Tver;Tver;Tver;Tver;;;;;;;;;;;;x;;;;
TYR;Tyrone;Tyrone;Tyrone;Tyrone;;;;;;;;;;;;x;;;;
URB;Urbino;Urbino;Urbino;Urbino;;;;;;;;;;;;x;;;;
UTR;Utrecht;Utrecht;Utrecht;Utrecht;;;;;;;;;;;;x;;;;
WBG;Wurzburg;Wurzburg;Wurzburg;Wurzburg;;;;;;;;;;;;x;;;;
VIJ;Vijayanagar;Vijayanagar;Vijayanagar;Vijayanagar;;;;;;;;;;;;x;;;;
WLS;Wales;Wales;Wales;Wales;;;;;;;;;;;;x;;;;
YAR;Yaroslavl;Yaroslavl;Yaroslavl;Yaroslavl;;;;;;;;;;;;x;;;;
YOR;York;York;York;York;;;;;;;;;;;;x;;;;
SWA;Swahili;Swahili;Swahili;Swahili;;;;;;;;;;;;x;;;;
ZAP;Zapotec;Zapotec;Zapotec;Zapotec;;;;;;;;;;;;x;;;;
ZAZ;Zaporozhie;Zaporozhie;Zaporozhie;Zaporozhie;;;;;;;;;;;;x;;;;
ZIM;Mutapa;Mutapa;Mutapa;Mutapa;;;;;;;;;;;;x;;;;
NIZ;Deva Bengal;Deva Bengal;Deva Bengal;Deva Bengal;;;;;;;;;;;;;x;;;
AMD;Ahmadnagar;Ahmadnagar;Ahmadnagar;Ahmadnagar;;;;;;;;;;;;x;;;;
ADA_ADJ;Adalan;Adalan;Adalan;Adalan;;;;;;;;;;;;x;;;;
AHM_ADJ;Bihari;Bihari;Bihari;Bihari;;;;;;;;;;;;x;;;;
AKK_ADJ;Ak Koyunlu;Ak Koyunlu;Ak Koyunlu;Ak Koyunlu;;;;;;;;;;;;;x;;;
ALH_ADJ;Haasalese;Haasalese;Haasalese;Haasalese;;;;;;;;;;;;x;;;;
ALS_ADJ;Alsatian;Alsatian;Alsatian;Alsatian;;;;;;;;;;;;x;;;;
AMG_ADJ;Armagnac;Armagnac;Armagnac;Armagnac;;;;;;;;;;;;x;;;;
ANN_ADJ;Annamese;Annamese;Annamese;Annamese;;;;;;;;;;;x;;;;;
ANS_ADJ;Ansbachian;Ansbachian;Ansbachian;Ansbachian;;;;;;;;;;;;x;;;;
ARO_ADJ;Aragonese;Aragonese;Aragonese;Aragonese;;;;;;;;;;;;x;;;;
ARK_ADJ;Arakani;Arakani;Arakani;Arakani;;;;;;;;;;;;x;;;;
ASH_ADJ;Ashanti;Ashanti;Ashanti;Ashanti;;;;;;;;;;;;x;;;;
ASS_ADJ;Assamese;Assamese;Assamese;Assamese;;;;;;;;;;;;x;;;;
AKH_ADJ;Astrakhani;Astrakhani;Astrakhani;Astrakhani;;;;;;;;;;;;x;;;;
ATH_ADJ;Athenian;Athenian;Athenian;Athenian;;;;;;;;;;;;x;;;;
AUV_ADJ;Auvergnese;Auvergnese;Auvergnese;Auvergnese;;;;;;;;;;;;x;;;;
AVI_ADJ;Avignonese;Avignonese;Avignonese;Avignonese;;;;;;;;;;;;x;;;;
AZT_ADJ;Aztec;Aztec;Aztec;Aztec;;;;;;;;;;;;x;;;;
BAH_ADJ;Deccan;Deccan;Deccan;Deccan;;;;;;;;;;;;x;;;;
BAN_ADJ;Banteni;Banteni;Banteni;Banteni;;;;;;;;;;;;x;;;;
BCS_ADJ;Baluchistani;Baluchistani;Baluchistani;Baluchistani;;;;;;;;;;;;x;;;;
BEN_ADJ;Beninese;Beninese;Beninese;Beninese;;;;;;;;;;;;x;;;;
BIJ_ADJ;Bijapuri;Bijapuri;Bijapuri;Bijapuri;;;;;;;;;;;;x;;;;
BNG_ADJ;Bengalese;Bengalese;Bengalese;Bengalese;;;;;;;;;;;;x;;;;
BOU_ADJ;Bourbonnean;Bourbonnean;Bourbonnean;Bourbonnean;;;;;;;;;;;;x;;;;
BRD_ADJ;Brandenburgian;Brandenburgian;Brandenburgian;Brandenburgian;;;;;;;;;;;;x;;;;
BRB_ADJ;Brabantian;Brabantian;Brabantian;Brabantian;;;;;;;;;;;;x;;;;
BRI_ADJ;Breton;Breton;Breton;Breton;;;;;;;;;;;;x;;;;
BRR_ADJ;Berari;Berari;Berari;Berari;;;;;;;;;;;;x;;;;
BRG_ADJ;Burgundian;Burgundian;Burgundian;Burgundian;;;;;;;;;;;;x;;;;
CAS_ADJ;Castilian;Castilian;Castilian;Castilian;;;;;;;;;;;;x;;;;
CHA_ADJ;Champani;Champani;Champani;Champani;;;;;;;;;;;;x;;;;
CHG_ADJ;Chagatai Khanate;Chagatai Khanate;Chagatai Khanate;Chagatai Khanate;;;;;;;;;;;;;x;;;
CHK_ADJ;Champassaki;Champassaki;Champassaki;Champassaki;;;;;;;;;;;;x;;;;
CHM_ADJ;Chimu;Chimu;Chimu;Chimu;;;;;;;;;;;;x;;;;
CHP_ADJ;Champagnian;Champagnian;Champagnian;Champagnian;;;;;;;;;;;;x;;;;
CND_ADJ;Candari;Candari;Candari;Candari;;;;;;;;;;;;x;;;;
CNN_ADJ;Connacht;Connacht;Connacht;Connacht;;;;;;;;;;;;x;;;;
COR_ADJ;Corsican;Corsican;Corsican;Corsican;;;;;;;;;;;;x;;;;
CRK_ADJ;Creek;Creek;Creek;Creek;;;;;;;;;;;;x;;;;
CRN_ADJ;Cornish;Cornish;Cornish;Cornish;;;;;;;;;;;;x;;;;
DAN_ADJ;Danish;Danish;Danish;Danish;;;;;;;;;;;;x;;;;
DAU_ADJ;Dauphinese;Dauphinese;Dauphinese;Dauphinese;;;;;;;;;;;;x;;;;
DLH_ADJ;Delhian;Delhian;Delhian;Delhian;;;;;;;;;;;;x;;;;
DUL_ADJ;Dulkadiri;Dulkadiri;Dulkadiri;Dulkadiri;;;;;;;;;;;;x;;;;
DUR_ADJ;Durrani;Durrani;Durrani;Durrani;;;;;;;;;;;;x;;;;
GBR_ADJ;British;British;British;British;;;;;;;;;;;;x;;;;
GBR;Great Britain;Great Britain;Great Britain;Great Britain;;;;;;;;;;;;;x;;;
FER_ADJ;Ferraranese;Ferraranese;Ferraranese;Ferraranese;;;;;;;;;;;;x;;;;
FEZ_ADJ;Fezian;Fezian;Fezian;Fezian;;;;;;;;;;;;x;;;;
FOI_ADJ;Foixian;Foixian;Foixian;Foixian;;;;;;;;;;;;x;;;;
FRI_ADJ;Frisian;Frisian;Frisian;Frisian;;;;;;;;;;;;x;;;;
GAK_ADJ;Gakwari;Gakwari;Gakwari;Gakwari;;;;;;;;;;;x;;;;;
GDW_ADJ;Gondwanese;Gondwanese;Gondwanese;Gondwanese;;;;;;;;;;;;x;;;;
GEL_ADJ;Gelren;Gelren;Gelren;Gelren;;;;;;;;;;;;x;;;;
GNA_ADJ;Genoese;Genoese;Genoese;Genoese;;;;;;;;;;;;x;;;;
GOC_ADJ;Golcandan;Golcandan;Golcandan;Golcandan;;;;;;;;;;;;x;;;;
GOL_ADJ;Golden;Horde;Horde;Horde;Horde;;;;;;;;;;;;x;;;
GOT_ADJ;Gotlander;Gotlander;Gotlander;Gotlander;;;;;;;;;;;;x;;;;
GRA_ADJ;Granadan;Granadan;Granadan;Granadan;;;;;;;;;;;;x;;;;
GUJ_ADJ;Gujarati;Gujarati;Gujarati;Gujarati;;;;;;;;;;;;x;;;;
GUY_ADJ;Guyennese;Guyennese;Guyennese;Guyennese;;;;;;;;;;;;x;;;;
HAT_ADJ;Hainautian;Hainautian;Hainautian;Hainautian;;;;;;;;;;;;x;;;;
HAU_ADJ;Hausan;Hausan;Hausan;Hausan;;;;;;;;;;;;x;;;;
HLL_ADJ;Dutch;Dutch;Dutch;Dutch;;;;;;;;;;;;x;;;;
HUR_ADJ;Huron;Huron;Huron;Huron;;;;;;;;;;;;x;;;;
INC_ADJ;Incan;Incan;Incan;Incan;;;;;;;;;;;;x;;;;
IRO_ADJ;Iroquois;Iroquois;Iroquois;Iroquois;;;;;;;;;;;;x;;;;
KAR_ADJ;Karamanese;Karamanese;Karamanese;Karamanese;;;;;;;;;;;;x;;;;
KAZ_ADJ;Kazani;Kazani;Kazani;Kazani;;;;;;;;;;;;x;;;;
KBO_ADJ;Kanem Bornuan;Kanem Bornuan;Kanem Bornuan;Kanem Bornuan;;;;;;;;;;;;;x;;;
KHA_ADJ;Mongol;Mongol;Mongol;Mongol;;;;;;;;;;;;x;;;;
KHD_ADJ;Khandeshi;Khandeshi;Khandeshi;Khandeshi;;;;;;;;;;;;x;;;;
KLE_ADJ;Clevian;Clevian;Clevian;Clevian;;;;;;;;;;;;x;;;;
KNI_ADJ;Knights';;;;;;;;;;;;;;x;;;;
KOL_ADJ;Colognian;Colognian;Colognian;Colognian;;;;;;;;;;;;x;;;;
KON_ADJ;Kongolese;Kongolese;Kongolese;Kongolese;;;;;;;;;;;;x;;;;
KRK_ADJ;Carnatic;Carnatic;Carnatic;Carnatic;;;;;;;;;;;;x;;;;
KTH_ADJ;Ceylonese;Ceylonese;Ceylonese;Ceylonese;;;;;;;;;;;;x;;;;
KUR_ADJ;Kurlandian;Kurlandian;Kurlandian;Kurlandian;;;;;;;;;;;;x;;;;
KZH_ADJ;Kazakhi;Kazakhi;Kazakhi;Kazakhi;;;;;;;;;;;;x;;;;
LAN_ADJ;Lancastrian;Lancastrian;Lancastrian;Lancastrian;;;;;;;;;;;;x;;;;
LEI_ADJ;Leinster;Leinster;Leinster;Leinster;;;;;;;;;;;;x;;;;
LIE_ADJ;Liegian;Liegian;Liegian;Liegian;;;;;;;;;;;;x;;;;
LNA_ADJ;Lan Nan;Lan Nan;Lan Nan;Lan Nan;;;;;;;;;;;;;x;;;
LOA_ADJ;Loangoni;Loangoni;Loangoni;Loangoni;;;;;;;;;;;;x;;;;
LOR_ADJ;Lorrainian;Lorrainian;Lorrainian;Lorrainian;;;;;;;;;;;;x;;;;
LOU_ADJ;Louisianan;Louisianan;Louisianan;Louisianan;;;;;;;;;;;;x;;;;
LUN_ADJ;Luneburgian;Luneburgian;Luneburgian;Luneburgian;;;;;;;;;;;;x;;;;
LXA_ADJ;Lan Xangi;Lan Xangi;Lan Xangi;Lan Xangi;;;;;;;;;;;;;x;;;
MAG_ADJ;Magdeburgian;Magdeburgian;Magdeburgian;Magdeburgian;;;;;;;;;;;;x;;;;
MAI_ADJ;Mainzian;Mainzian;Mainzian;Mainzian;;;;;;;;;;;;x;;;;
MAL_ADJ;Malian;Malian;Malian;Malian;;;;;;;;;;;;x;;;;
MAM_ADJ;Mamelukan;Mamelukan;Mamelukan;Mamelukan;;;;;;;;;;;;x;;;;
MTA_ADJ;Mantuan;Mantuan;Mantuan;Mantuan;;;;;;;;;;;;x;;;;
MAR_ADJ;Maharasthri;Maharasthri;Maharasthri;Maharasthri;;;;;;;;;;;;x;;;;
MAY_ADJ;Mayan;Mayan;Mayan;Mayan;;;;;;;;;;;;x;;;;
MAZ_ADJ;Mazovian;Mazovian;Mazovian;Mazovian;;;;;;;;;;;;x;;;;
MCH_ADJ;Manchurian;Manchurian;Manchurian;Manchurian;;;;;;;;;;;;x;;;;
MKS_ADJ;Makassari;Makassari;Makassari;Makassari;;;;;;;;;;;;x;;;;
MLB_ADJ;Manipurian;Manipurian;Manipurian;Manipurian;;;;;;;;;;;;x;;;;
MLC_ADJ;Malaccan;Malaccan;Malaccan;Malaccan;;;;;;;;;;;;x;;;;
MLD_ADJ;Maldivian;Maldivian;Maldivian;Maldivian;;;;;;;;;;;;x;;;;
MLW_ADJ;Malwani;Malwani;Malwani;Malwani;;;;;;;;;;;;x;;;;
MNG_ADJ;Ming;Ming;Ming;Ming;;;;;;;;;;;;x;;;;
MNS_ADJ;Munster;Munster;Munster;Munster;;;;;;;;;;;;x;;;;
MOE_ADJ;Morean;Morean;Morean;Morean;;;;;;;;;;;;x;;;;
MOS_ADJ;Muscovite;Muscovite;Muscovite;Muscovite;;;;;;;;;;;;x;;;;
MTR_ADJ;Matarami;Matarami;Matarami;Matarami;;;;;;;;;;;;x;;;;
MUN_ADJ;Munster;Munster;Munster;Munster;;;;;;;;;;;;x;;;;
NAV_ADJ;Navarran;Navarran;Navarran;Navarran;;;;;;;;;;;;x;;;;
NAX_ADJ;Naxosian;Naxosian;Naxosian;Naxosian;;;;;;;;;;;;x;;;;
NEV_ADJ;Neveriase;Neveriase;Neveriase;Neveriase;;;;;;;;;;;;x;;;;
NOG_ADJ;Nogai;Nogai;Nogai;Nogai;;;;;;;;;;;;x;;;;
NOL_ADJ;Northumbrian;Northumbrian;Northumbrian;Northumbrian;;;;;;;;;;;;x;;;;
NOV_ADJ;Novgorodian;Novgorodian;Novgorodian;Novgorodian;;;;;;;;;;;;x;;;;
NRM_ADJ;Norman;Norman;Norman;Norman;;;;;;;;;;;;x;;;;
NUB_ADJ;Funj;Funj;Funj;Funj;;;;;;;;;;;;x;;;;
OIR_ADJ;Oirat Horde;Oirat Horde;Oirat Horde;Oirat Horde;;;;;;;;;;;;;x;;;
ORL_ADJ;Orleanaise;Orleanaise;Orleanaise;Orleanaise;;;;;;;;;;;;x;;;;
OYO_ADJ;Oyo;Oyo;Oyo;Oyo;;;;;;;;;;;;x;;;;
PAL_ADJ;Palatine;Palatine;Palatine;Palatine;;;;;;;;;;;;x;;;;
PAT_ADJ;Pattani;Pattani;Pattani;Pattani;;;;;;;;;;;;x;;;;
PEG_ADJ;Pegu;Pegu;Pegu;Pegu;;;;;;;;;;;;x;;;;
PIS_ADJ;Pisan;Pisan;Pisan;Pisan;;;;;;;;;;;;x;;;;
POM_ADJ;Pommeranian;Pommeranian;Pommeranian;Pommeranian;;;;;;;;;;;;x;;;;
PRO_ADJ;Provencal;Provencal;Provencal;Provencal;;;;;;;;;;;;x;;;;
PSK_ADJ;Pskovian;Pskovian;Pskovian;Pskovian;;;;;;;;;;;;x;;;;
QAR_ADJ;Qara Koyunlu;Qara Koyunlu;Qara Koyunlu;Qara Koyunlu;;;;;;;;;;;;;x;;;
QAS_ADJ;Qasim Khanate;Qasim Khanate;Qasim Khanate;Qasim Khanate;;;;;;;;;;;;;x;;;
RAG_ADJ;Ragusan;Ragusan;Ragusan;Ragusan;;;;;;;;;;;;x;;;;
RAJ_ADJ;Rajputni;Rajputni;Rajputni;Rajputni;;;;;;;;;;;;x;;;;
RIG_ADJ;Rigan;Rigan;Rigan;Rigan;;;;;;;;;;;;x;;;;
RYA_ADJ;Ryazanian;Ryazanian;Ryazanian;Ryazanian;;;;;;;;;;;;x;;;;
RYU_ADJ;Ryukyuan;Ryukyuan;Ryukyuan;Ryukyuan;;;;;;;;;;;;x;;;;
SRD_ADJ;Sardinian;Sardinian;Sardinian;Sardinian;;;;;;;;;;;;x;;;;
SAV_ADJ;Savoyard;Savoyard;Savoyard;Savoyard;;;;;;;;;;;;x;;;;
SHA_ADJ;Shawnee;Shawnee;Shawnee;Shawnee;;;;;;;;;;;;x;;;;
SIB_ADJ;Sibirian;Sibirian;Sibirian;Sibirian;;;;;;;;;;;;x;;;;
SII_ADJ;Sicilian;Sicilian;Sicilian;Sicilian;;;;;;;;;;;;x;;;;
SNA_ADJ;Sienese;Sienese;Sienese;Sienese;;;;;;;;;;;;x;;;;
SIL_ADJ;Silesian;Silesian;Silesian;Silesian;;;;;;;;;;;;x;;;;
SLZ_ADJ;Salzburgian;Salzburgian;Salzburgian;Salzburgian;;;;;;;;;;;;x;;;;
SGU_ADJ;Seguian;Seguian;Seguian;Seguian;;;;;;;;;;;;x;;;;
SON_ADJ;Songhain;Songhain;Songhain;Songhain;;;;;;;;;;;;x;;;;
SST_ADJ;Shan;Shan;Shan;Shan;;;;;;;;;;;;x;;;;
STY_ADJ;Styrian;Styrian;Styrian;Styrian;;;;;;;;;;;;x;;;;
SUL_ADJ;Sulu;Sulu;Sulu;Sulu;;;;;;;;;;;;x;;;;
TEU_ADJ;Teutonic;Teutonic;Teutonic;Teutonic;;;;;;;;;;;;x;;;;
THU_ADJ;Thuringian;Thuringian;Thuringian;Thuringian;;;;;;;;;;;;x;;;;
TIM_ADJ;Timurid;Timurid;Timurid;Timurid;;;;;;;;;;;;x;;;;
TIR_ADJ;Tyrolian;Tyrolian;Tyrolian;Tyrolian;;;;;;;;;;;;x;;;;
TOK_ADJ;Tonkini;Tonkini;Tonkini;Tonkini;;;;;;;;;;;;x;;;;
TOU_ADJ;Toulousian;Toulousian;Toulousian;Toulousian;;;;;;;;;;;;x;;;;
TBZ_ADJ;Trebizondian;Trebizondian;Trebizondian;Trebizondian;;;;;;;;;;;;x;;;;
TER_ADJ;Trierian;Trierian;Trierian;Trierian;;;;;;;;;;;;x;;;;
TVE_ADJ;Tverian;Tverian;Tverian;Tverian;;;;;;;;;;;;x;;;;
TYR_ADJ;Tyrone;Tyrone;Tyrone;Tyrone;;;;;;;;;;;;x;;;;
URB_ADJ;Urbinese;Urbinese;Urbinese;Urbinese;;;;;;;;;;;;x;;;;
UTR_ADJ;Utrechtian;Utrechtian;Utrechtian;Utrechtian;;;;;;;;;;;;x;;;;
WBG_ADJ;Wurzburgian;Wurzburgian;Wurzburgian;Wurzburgian;;;;;;;;;;;;x;;;;
VIE_ADJ;Vientianese;Vientianese;Vientianese;Vientianese;;;;;;;;;;;;x;;;;
VIJ_ADJ;Vijaynagari;Vijaynagari;Vijaynagari;Vijaynagari;;;;;;;;;;;;x;;;;
WLS_ADJ;Welsh;Welsh;Welsh;Welsh;;;;;;;;;;;;x;;;;
YAR_ADJ;Yaroslavlian;Yaroslavlian;Yaroslavlian;Yaroslavlian;;;;;;;;;;;;x;;;;
YOR_ADJ;Yorkist;Yorkist;Yorkist;Yorkist;;;;;;;;;;;;x;;;;
SWA_ADJ;Swahili;Swahili;Swahili;Swahili;;;;;;;;;;;;x;;;;
ZAP_ADJ;Zapotec;Zapotec;Zapotec;Zapotec;;;;;;;;;;;;x;;;;
ZAZ_ADJ;Zaporozhian;Zaporozhian;Zaporozhian;Zaporozhian;;;;;;;;;;;;x;;;;
ZIM_ADJ;Mutapan;Mutapan;Mutapan;Mutapan;;;;;;;;;;;;x;;;;
NIZ_ADJ;Deva Bengali;Deva Bengali;Deva Bengali;Deva Bengali;;;;;;;;;;;;;x;;;
AMD_ADJ;Ahmadnagari;Ahmadnagari;Ahmadnagari;Ahmadnagari;;;;;;;;;;;;x;;;;
MSA;Malaya;Malaya;Malaya;Malaya;;;;;;;;;;;;x;;;;
MSA_ADJ;Malayan;Malayan;Malayan;Malayan;;;;;;;;;;;;;x;;;
AAC;Aachen;Aachen;Aachen;Aachen;;;;;;;;;;;;;x;;;
AAC_ADJ;Aachener;Aachener;Aachener;Aachener;;;;;;;;;;;;x;;;;
ALE;Alençon;Alençon;Alençon;Alençon;;;;;;;;;;;;x;;;;
ALE_ADJ;Alençon;Alençon;Alençon;Alençon;;;;;;;;;;;;x;;;;
AUG;Augsburg;Augsburg;Augsburg;Augsburg;;;;;;;;;;;;x;;;;
AUG_ADJ;Augsburgian;Augsburgian;Augsburgian;Augsburgian;;;;;;;;;;;;x;;;;
ULM;Ulm;Ulm;Ulm;Ulm;;;;;;;;;;;;x;;;;
ULM_ADJ;Ulmer;Ulmer;Ulmer;Ulmer;;;;;;;;;;;;x;;;;
LAU;Saxe-Lauenburg;;;;;;;;;;;;;;x;;;;
LAU_ADJ;Lauenburgian;Lauenburgian;Lauenburgian;Lauenburgian;;;;;;;;;;;;x;;;;
ETR;Etruria;Etruria;Etruria;Etruria;;;;;;;;;;;;x;;;;
KHO;Khorasan;Khorasan;Khorasan;Khorasan;;;;;;;;;;;;x;;;;
LIV;Livonian Order;Livonian Order;Livonian Order;Livonian Order;;;;;;;;;;;;;x;;;
NAP;Naples;Naples;Naples;Naples;;;;;;;;;;;;x;;;;
QIN;China;China;China;China;;;;;;;;;;;;x;;;;
RFR;Rev. France;;;;;;;;;;;;;;;x;;;
SYR;Syria;Syria;Syria;Syria;;;;;;;;;;;;x;;;;
WES;Westphalia;Westphalia;Westphalia;Westphalia;;;;;;;;;;;;x;;;;
WUU;Wu;Wu;Wu;Wu;;;;;;;;;;;;x;;;;
XIA;Xia;Xia;Xia;Xia;;;;;;;;;;;;x;;;;
ETR_ADJ;Etruria;Etruria;Etruria;Etruria;;;;;;;;;;;;x;;;;
KHO_ADJ;Khorasan;Khorasan;Khorasan;Khorasan;;;;;;;;;;;;x;;;;
LIV_ADJ;Livonian;Livonian;Livonian;Livonian;;;;;;;;;;;;x;;;;
NAP_ADJ;Neapolitan;Neapolitan;Neapolitan;Neapolitan;;;;;;;;;;;;x;;;;
QIN_ADJ;Chinese;Chinese;Chinese;Chinese;;;;;;;;;;;;x;;;;
RFR_ADJ;Napoleonic;Napoleonic;Napoleonic;Napoleonic;;;;;;;;;;;;x;;;;
SYR_ADJ;Syrian;Syrian;Syrian;Syrian;;;;;;;;;;;;x;;;;
WES_ADJ;Westfalian;Westfalian;Westfalian;Westfalian;;;;;;;;;;;;x;;;;
WUU_ADJ;Wun;Wun;Wun;Wun;;;;;;;;;;;;x;;;;
XIA_ADJ;Xian;Xian;Xian;Xian;;;;;;;;;;;;x;;;;
BAR;Bar;Bar;Bar;Bar;;;;;;;;;;;;x;;;;
BAR_ADJ;Barroise;Barroise;Barroise;Barroise;;;;;;;;;;;;x;;;;
SMO;Smolensk;Smolensk;Smolensk;;Smolensk;;;;;;;;;;;;;;x
SMO_ADJ;Smolenskian;Smolenskian;Smolenskian;Smolenskian;;;;;;;;;;;;x;;;;
MUR;Murom;Murom;Murom;Murom;;;;;;;;;;;;x;;;;
MUR_ADJ;Muromian;Muromian;Muromian;Muromian;;;;;;;;;;;;x;;;;
NZH;Nizhny Novgorod;Nizhny Novgorod;Nizhny Novgorod;Nizhny Novgorod;;;;;;;;;;;;;x;;;
NZH_ADJ;Nizhny Novgorodian;Nizhny Novgorodian;Nizhny Novgorodian;Nizhny Novgorodian;;;;;;;;;;;;;x;;;
VLA;Vladimir;Vladimir;Vladimir;Vladimir;;;;;;;;;;;;x;;;;
VLA_ADJ;Vladimiran;Vladimiran;Vladimiran;Vladimiran;;;;;;;;;;;;x;;;;
AYD;Aydin;Aydin;Aydin;Aydin;;;;;;;;;;;;x;;;;
AQU;Aquileia;Aquileia;Aquileia;Aquileia;;;;;;;;;;;;x;;;;
JAL;Jalayirids;Jalayirids;Jalayirids;Jalayirids;;;;;;;;;;;;x;;;;
MAJ;Majapahit;Majapahit;Majapahit;Majapahit;;;;;;;;;;;;x;;;;
SUK;Sukhothai;Sukhothai;Sukhothai;Sukhothai;;;;;;;;;;;;x;;;;
AYD_ADJ;Aydin;Aydin;Aydin;Aydin;;;;;;;;;;;;x;;;;
AQU_ADJ;Aquileian;Aquileian;Aquileian;Aquileian;;;;;;;;;;;;x;;;;
JAL_ADJ;Jalayirid;Jalayirid;Jalayirid;Jalayirid;;;;;;;;;;;;x;;;;
MAJ_ADJ;Majapahit;Majapahit;Majapahit;Majapahit;;;;;;;;;;;;x;;;;
SUK_ADJ;Sukhothai;Sukhothai;Sukhothai;Sukhothai;;;;;;;;;;;;x;;;;
GAL;Galicia;Galicia;Galicia;Galicia;;;;;;;;;;;;x;;;;
GAL_ADJ;Galician;Galician;Galician;Galician;;;;;;;;;;;;x;;;;
PLT;Polotsk;Polotsk;Polotsk;Polotsk;;;;;;;;;;;;x;;;;
PLT_ADJ;Polotskian;Polotskian;Polotskian;Polotskian;;;;;;;;;;;;x;;;;
BRY;Berry;Berry;Berry;;Berry;;;;;;;;x;;;;;;
BRY_ADJ;Berrian;Berrian;Berrian;Berrian;;;;;;;;;;;;x;;;;
HRE;Holy Roman Empire;;;;;;;;;;;;;;;;x;;
HRE_ADJ;Imperial;Imperial;Imperial;Imperial;;;;;;;;;;;;x;;;;
SRU;Saruhan;Saruhan;Saruhan;Saruhan;;;;;;;;;;;;x;;;;
SRU_ADJ;Saruhani;Saruhani;Saruhani;Saruhani;;;;;;;;;;;;x;;;;
MEN;Mentese;Mentese;Mentese;Mentese;;;;;;;;;;;;x;;;;
MEN_ADJ;Mentese;Mentese;Mentese;Mentese;;;;;;;;;;;;x;;;;
RAM;Ramazan;Ramazan;Ramazan;Ramazan;;;;;;;;;;;;x;;;;
RAM_ADJ;Ramazani;Ramazani;Ramazani;Ramazani;;;;;;;;;;;;x;;;;
EPI;Epirus;Epirus;Epirus;Epirus;;;;;;;;;;;;x;;;;
EPI_ADJ;Epirote;Epirote;Epirote;Epirote;;;;;;;;;;;;x;;;;
ACH;Achaea;Achaea;Achaea;Achaea;;;;;;;;;;;;x;;;;
ACH_ADJ;Achaean;Achaean;Achaean;Achaean;;;;;;;;;;;x;;;;;
KOJ;Jerusalem;Jerusalem;Jerusalem;Jerusalem;;;;;;;;;;;;x;;;;
KOJ_ADJ;Jerusalemite;Jerusalemite;Jerusalemite;Jerusalemite;;;;;;;;;;;;x;;;;
TAC;Tachibana;Tachibana;Tachibana;Tachibana;;;;;;;;;;;;x;;;;
TAI;Taira;Taira;Taira;Taira;;;;;;;;;;;;x;;;;
FUJ;Fujiwara;Fujiwara;Fujiwara;Fujiwara;;;;;;;;;;;;x;;;;
TAI_ADJ;Tairan;Tairan;Tairan;Tairan;;;;;;;;;;;;x;;;;
FUJ_ADJ;Fuijiwaran;Fuijiwaran;Fuijiwaran;Fuijiwaran;;;;;;;;;;;;x;;;;
TAC_ADJ;Tachibanan;Tachibanan;Tachibanan;Tachibanan;;;;;;;;;;;;x;;;;
